INSERT INTO LPU_MOVIE_USER(USER_ID,PASSWORD,NAME,DATEOF_BIRTH,CONTACT_NO,ROLE) VALUES (101,'Sai','Rama',To_DATE('1998/06/18','yyyy/mm/dd'),9815721899,'customer');
insert into LPU_MOVIE_MOVIE(movie_Id,movie_Name,language,director,genre) values(1001,'R-R-R','Telugu','S.S Rajamaouli','Action,Drama,Romance');
insert into LPU_MOVIE_MOVIE(movie_Id,movie_Name,language,director,genre) values(1002,'War','Hindi','Karan','Action,Thriller');
insert into LPU_MOVIE_MOVIE(movie_Id,movie_Name,language,director,genre) values(1003,'KGF-2','Kannada','Prashanth','Action,Drama');
insert into LPU_MOVIE_MOVIE(movie_Id,movie_Name,language,director,genre) values(1004,'Vakeel Saab','Telugu','Venu','Drama');
insert into LPU_MOVIE_MOVIE(movie_Id,movie_Name,language,director,genre) values(1005,'Hit','Telugu','Sudheer','Thriller');

select * from LPU_MOVIE_MOVIE;

Insert into LPU_MOVIE_THEATER(theater_Id,theater_Name,theater_city,manager_Name,manager_Contact,movie_Id) values(1, 'Miraj Cinema','Vijayawada','Shekhar',9875,1001);
Insert into LPU_MOVIE_THEATER(theater_Id,theater_Name,theater_city,manager_Name,manager_Contact,movie_Id) values(2, 'Sailaja Theater','Vijayawada','Sam',7896,1001);
Insert into LPU_MOVIE_THEATER(theater_Id,theater_Name,theater_city,manager_Name,manager_Contact,movie_Id) values(3, 'Srinivasa Theater','Vijayawada','Shyam',7568,1002);
Insert into LPU_MOVIE_THEATER(theater_Id,theater_Name,theater_city,manager_Name,manager_Contact,movie_Id) values(4, 'Apsara Theater','Vijayawada','Ramu',8974,1003);
Insert into LPU_MOVIE_THEATER(theater_Id,theater_Name,theater_city,manager_Name,manager_Contact,movie_Id) values(5, 'Alankar Theater','Vijayawada','Harsha',6548,1003);
Insert into LPU_MOVIE_THEATER(theater_Id,theater_Name,theater_city,manager_Name,manager_Contact,movie_Id) values(6, 'Ravindra Cinema','Vijayawada','Raju',9875,1004);
Insert into LPU_MOVIE_THEATER(theater_Id,theater_Name,theater_city,manager_Name,manager_Contact,movie_Id) values(7, 'Swathi Theater','Vijayawada','Ganesh',7896,1004);
Insert into LPU_MOVIE_THEATER(theater_Id,theater_Name,theater_city,manager_Name,manager_Contact,movie_Id) values(8, 'Raj Theater','Vijayawada','Akhil',7568,1005);



select * from LPU_MOVIE_THEATER;

insert into LPU_MOVIE_SHOW(show_Id,show_Name,seats,screen_name,show_Start_Time,show_Date,theater_Id) values(1001,'Morningshow',36,'dolby',TO_DATE('2020/05/08 09:30:00', 'yyyy/mm/dd hh24:mi:ss'),TO_DATE('2020/05/08','yyyy/mm/dd'),1);
insert into LPU_MOVIE_SHOW(show_id,show_Name,seats,screen_name,show_Start_Time,show_Date,theater_Id) values(1002,'Matineshow',36,'dolby',TO_DATE('2020/05/09 12:00:00', 'yyyy/mm/dd hh24:mi:ss'),TO_DATE('2020/05/09', 'yyyy/mm/dd'),1);
insert into LPU_MOVIE_SHOW(show_Id,show_Name,seats,screen_name,show_Start_Time,show_Date,theater_Id) values(1003,'Eveningshow',36,'dolby',TO_DATE('2020/05/10 16:30:00', 'yyyy/mm/dd hh24:mi:ss'),TO_DATE('2020/05/10','yyyy/mm/dd'),1);
insert into LPU_MOVIE_SHOW(show_Id,show_Name,seats,screen_name,show_Start_Time,show_Date,theater_Id) values(1004,'Morningshow',36,'dolby',TO_DATE('2020/05/10 09:30:00', 'yyyy/mm/dd hh24:mi:ss'),TO_DATE('2020/05/10','yyyy/mm/dd'),1);
insert into LPU_MOVIE_SHOW(show_id,show_Name,seats,screen_name,show_Start_Time,show_Date,theater_Id) values(1005,'Secondshow',36,'dolby',TO_DATE('2020/05/08 22:00:00', 'yyyy/mm/dd hh24:mi:ss'),TO_DATE('2020/05/08', 'yyyy/mm/dd'),2);
insert into LPU_MOVIE_SHOW(show_Id,show_Name,seats,screen_name,show_Start_Time,show_Date,theater_Id) values(1006,'Morningshow',36,'dolby',TO_DATE('2020/05/08 09:30:00', 'yyyy/mm/dd hh24:mi:ss'),TO_DATE('2020/05/08','yyyy/mm/dd'),2);
insert into LPU_MOVIE_SHOW(show_id,show_Name,seats,screen_name,show_Start_Time,show_Date,theater_Id) values(1007,'Matineshow',36,'dolby',TO_DATE('2020/05/09 12:00:00', 'yyyy/mm/dd hh24:mi:ss'),TO_DATE('2020/05/09', 'yyyy/mm/dd'),2);
insert into LPU_MOVIE_SHOW(show_id,show_Name,seats,screen_name,show_Start_Time,show_Date,theater_Id) values(1008,'Secondshow',36,'dolby',TO_DATE('2020/05/08 22:00:00', 'yyyy/mm/dd hh24:mi:ss'),TO_DATE('2020/05/08', 'yyyy/mm/dd'),3);
insert into LPU_MOVIE_SHOW(show_Id,show_Name,seats,screen_name,show_Start_Time,show_Date,theater_Id) values(1009,'Morningshow',36,'dolby',TO_DATE('2020/05/08 09:30:00', 'yyyy/mm/dd hh24:mi:ss'),TO_DATE('2020/05/08','yyyy/mm/dd'),3);
insert into LPU_MOVIE_SHOW(show_id,show_Name,seats,screen_name,show_Start_Time,show_Date,theater_Id) values(1010,'Matineshow',36,'dolby',TO_DATE('2020/05/09 12:00:00', 'yyyy/mm/dd hh24:mi:ss'),TO_DATE('2020/05/09', 'yyyy/mm/dd'),3);
insert into LPU_MOVIE_SHOW(show_Id,show_Name,seats,screen_name,show_Start_Time,show_Date,theater_Id) values(1011,'Eveningshow',36,'dolby',TO_DATE('2020/05/09 16:30:00', 'yyyy/mm/dd hh24:mi:ss'),TO_DATE('2020/05/09','yyyy/mm/dd'),3);
insert into LPU_MOVIE_SHOW(show_Id,show_Name,seats,screen_name,show_Start_Time,show_Date,theater_Id) values(1012,'Morningshow',36,'dolby',TO_DATE('2020/05/10 09:30:00', 'yyyy/mm/dd hh24:mi:ss'),TO_DATE('2020/05/10','yyyy/mm/dd'),3);
insert into LPU_MOVIE_SHOW(show_id,show_Name,seats,screen_name,show_Start_Time,show_Date,theater_Id) values(1013,'Secondshow',36,'dolby',TO_DATE('2020/05/08 22:00:00', 'yyyy/mm/dd hh24:mi:ss'),TO_DATE('2020/05/08', 'yyyy/mm/dd'),4);
insert into LPU_MOVIE_SHOW(show_Id,show_Name,seats,screen_name,show_Start_Time,show_Date,theater_Id) values(1014,'Morningshow',36,'dolby',TO_DATE('2020/05/09 09:30:00', 'yyyy/mm/dd hh24:mi:ss'),TO_DATE('2020/05/09','yyyy/mm/dd'),4);
insert into LPU_MOVIE_SHOW(show_id,show_Name,seats,screen_name,show_Start_Time,show_Date,theater_Id) values(1015,'Matineshow',36,'dolby',TO_DATE('2020/05/10 12:00:00', 'yyyy/mm/dd hh24:mi:ss'),TO_DATE('2020/05/10', 'yyyy/mm/dd'),4);
insert into LPU_MOVIE_SHOW(show_Id,show_Name,seats,screen_name,show_Start_Time,show_Date,theater_Id) values(1016,'Eveningshow',36,'dolby',TO_DATE('2020/05/10 16:30:00', 'yyyy/mm/dd hh24:mi:ss'),TO_DATE('2020/05/10','yyyy/mm/dd'),4);
insert into LPU_MOVIE_SHOW(show_Id,show_Name,seats,screen_name,show_Start_Time,show_Date,theater_Id) values(1017,'Morningshow',36,'dolby',TO_DATE('2020/05/08 09:30:00', 'yyyy/mm/dd hh24:mi:ss'),TO_DATE('2020/05/08','yyyy/mm/dd'),5);
insert into LPU_MOVIE_SHOW(show_id,show_Name,seats,screen_name,show_Start_Time,show_Date,theater_Id) values(1018,'Secondshow',36,'dolby',TO_DATE('2020/05/08 22:00:00', 'yyyy/mm/dd hh24:mi:ss'),TO_DATE('2020/05/08', 'yyyy/mm/dd'),5);
insert into LPU_MOVIE_SHOW(show_Id,show_Name,seats,screen_name,show_Start_Time,show_Date,theater_Id) values(1019,'Eveningshow',36,'dolby',TO_DATE('2020/05/09 16:30:00', 'yyyy/mm/dd hh24:mi:ss'),TO_DATE('2020/05/09','yyyy/mm/dd'),5);
insert into LPU_MOVIE_SHOW(show_Id,show_Name,seats,screen_name,show_Start_Time,show_Date,theater_Id) values(1020,'Morningshow',36,'dolby',TO_DATE('2020/05/09 09:30:00', 'yyyy/mm/dd hh24:mi:ss'),TO_DATE('2020/05/09','yyyy/mm/dd'),5);
insert into LPU_MOVIE_SHOW(show_id,show_Name,seats,screen_name,show_Start_Time,show_Date,theater_Id) values(1021,'Matineshow',36,'dolby',TO_DATE('2020/05/08 12:00:00', 'yyyy/mm/dd hh24:mi:ss'),TO_DATE('2020/05/08', 'yyyy/mm/dd'),6);
insert into LPU_MOVIE_SHOW(show_Id,show_Name,seats,screen_name,show_Start_Time,show_Date,theater_Id) values(1022,'Eveningshow',36,'dolby',TO_DATE('2020/05/09 16:30:00', 'yyyy/mm/dd hh24:mi:ss'),TO_DATE('2020/05/09','yyyy/mm/dd'),6);
insert into LPU_MOVIE_SHOW(show_Id,show_Name,seats,screen_name,show_Start_Time,show_Date,theater_Id) values(1023,'Morningshow',36,'dolby',TO_DATE('2020/05/10 09:30:00', 'yyyy/mm/dd hh24:mi:ss'),TO_DATE('2020/05/10','yyyy/mm/dd'),6);
insert into LPU_MOVIE_SHOW(show_id,show_Name,seats,screen_name,show_Start_Time,show_Date,theater_Id) values(1024,'Secondshow',36,'dolby',TO_DATE('2020/05/08 22:00:00', 'yyyy/mm/dd hh24:mi:ss'),TO_DATE('2020/05/08', 'yyyy/mm/dd'),7);
insert into LPU_MOVIE_SHOW(show_Id,show_Name,seats,screen_name,show_Start_Time,show_Date,theater_Id) values(1025,'Morningshow',36,'dolby',TO_DATE('2020/05/08 09:30:00', 'yyyy/mm/dd hh24:mi:ss'),TO_DATE('2020/05/08','yyyy/mm/dd'),7);
insert into LPU_MOVIE_SHOW(show_Id,show_Name,seats,screen_name,show_Start_Time,show_Date,theater_Id) values(1026,'Eveningshow',36,'dolby',TO_DATE('2020/05/09 16:30:00', 'yyyy/mm/dd hh24:mi:ss'),TO_DATE('2020/05/09','yyyy/mm/dd'),7);
insert into LPU_MOVIE_SHOW(show_id,show_Name,seats,screen_name,show_Start_Time,show_Date,theater_Id) values(1027,'Secondshow',36,'dolby',TO_DATE('2020/05/10 22:00:00', 'yyyy/mm/dd hh24:mi:ss'),TO_DATE('2020/05/10', 'yyyy/mm/dd'),7);
insert into LPU_MOVIE_SHOW(show_Id,show_Name,seats,screen_name,show_Start_Time,show_Date,theater_Id) values(1028,'Morningshow',36,'dolby',TO_DATE('2020/05/08 09:30:00', 'yyyy/mm/dd hh24:mi:ss'),TO_DATE('2020/05/08','yyyy/mm/dd'),8);
insert into LPU_MOVIE_SHOW(show_id,show_Name,seats,screen_name,show_Start_Time,show_Date,theater_Id) values(1029,'Matineshow',36,'dolby',TO_DATE('2020/05/08 12:00:00', 'yyyy/mm/dd hh24:mi:ss'),TO_DATE('2020/05/08', 'yyyy/mm/dd'),8);
insert into LPU_MOVIE_SHOW(show_Id,show_Name,seats,screen_name,show_Start_Time,show_Date,theater_Id) values(1030,'Eveningshow',36,'dolby',TO_DATE('2020/05/09 16:30:00', 'yyyy/mm/dd hh24:mi:ss'),TO_DATE('2020/05/09','yyyy/mm/dd'),8);
insert into LPU_MOVIE_SHOW(show_Id,show_Name,seats,screen_name,show_Start_Time,show_Date,theater_Id) values(1031,'Morningshow',36,'dolby',TO_DATE('2020/05/09 09:30:00', 'yyyy/mm/dd hh24:mi:ss'),TO_DATE('2020/05/09','yyyy/mm/dd'),8);


INSERT INTO LPU_MOVIE_SEAT(SEAT_ID,SEAT_PRICE,SEAT_STATUS,SHOW_ID) VALUES (1001,200,'Available',1001);
INSERT INTO LPU_MOVIE_SEAT(SEAT_ID,SEAT_PRICE,SEAT_STATUS,SHOW_ID) VALUES (1002,200,'Available',1001);
INSERT INTO LPU_MOVIE_SEAT(SEAT_ID,SEAT_PRICE,SEAT_STATUS,SHOW_ID) VALUES (1003,200,'Available',1001);
INSERT INTO LPU_MOVIE_SEAT(SEAT_ID,SEAT_PRICE,SEAT_STATUS,SHOW_ID) VALUES (1004,200,'Available',1001);
INSERT INTO LPU_MOVIE_SEAT(SEAT_ID,SEAT_PRICE,SEAT_STATUS,SHOW_ID) VALUES (1005,200,'Available',1001);
INSERT INTO LPU_MOVIE_SEAT(SEAT_ID,SEAT_PRICE,SEAT_STATUS,SHOW_ID) VALUES (1006,200,'Available',1001);
INSERT INTO LPU_MOVIE_SEAT(SEAT_ID,SEAT_PRICE,SEAT_STATUS,SHOW_ID) VALUES (1007,200,'Available',1001);
INSERT INTO LPU_MOVIE_SEAT(SEAT_ID,SEAT_PRICE,SEAT_STATUS,SHOW_ID) VALUES (1008,200,'Available',1001);
INSERT INTO LPU_MOVIE_SEAT(SEAT_ID,SEAT_PRICE,SEAT_STATUS,SHOW_ID) VALUES (1009,200,'Available',1001);
INSERT INTO LPU_MOVIE_SEAT(SEAT_ID,SEAT_PRICE,SEAT_STATUS,SHOW_ID) VALUES (1010,200,'Available',1001);
INSERT INTO LPU_MOVIE_SEAT(SEAT_ID,SEAT_PRICE,SEAT_STATUS,SHOW_ID) VALUES (1011,200,'Available',1001);
INSERT INTO LPU_MOVIE_SEAT(SEAT_ID,SEAT_PRICE,SEAT_STATUS,SHOW_ID) VALUES (1012,200,'Available',1001);
INSERT INTO LPU_MOVIE_SEAT(SEAT_ID,SEAT_PRICE,SEAT_STATUS,SHOW_ID) VALUES (1013,200,'Available',1001);
INSERT INTO LPU_MOVIE_SEAT(SEAT_ID,SEAT_PRICE,SEAT_STATUS,SHOW_ID) VALUES (1014,200,'Available',1001);
INSERT INTO LPU_MOVIE_SEAT(SEAT_ID,SEAT_PRICE,SEAT_STATUS,SHOW_ID) VALUES (1015,200,'Available',1001);
INSERT INTO LPU_MOVIE_SEAT(SEAT_ID,SEAT_PRICE,SEAT_STATUS,SHOW_ID) VALUES (1016,200,'Available',1001);
INSERT INTO LPU_MOVIE_SEAT(SEAT_ID,SEAT_PRICE,SEAT_STATUS,SHOW_ID) VALUES (1017,200,'Available',1001);
INSERT INTO LPU_MOVIE_SEAT(SEAT_ID,SEAT_PRICE,SEAT_STATUS,SHOW_ID) VALUES (1018,200,'Available',1001);
INSERT INTO LPU_MOVIE_SEAT(SEAT_ID,SEAT_PRICE,SEAT_STATUS,SHOW_ID) VALUES (1019,200,'Available',1001);
INSERT INTO LPU_MOVIE_SEAT(SEAT_ID,SEAT_PRICE,SEAT_STATUS,SHOW_ID) VALUES (1020,200,'Available',1001);
INSERT INTO LPU_MOVIE_SEAT(SEAT_ID,SEAT_PRICE,SEAT_STATUS,SHOW_ID) VALUES (1021,200,'Available',1001);
INSERT INTO LPU_MOVIE_SEAT(SEAT_ID,SEAT_PRICE,SEAT_STATUS,SHOW_ID) VALUES (1022,200,'Available',1001);
INSERT INTO LPU_MOVIE_SEAT(SEAT_ID,SEAT_PRICE,SEAT_STATUS,SHOW_ID) VALUES (1023,200,'Available',1001);
INSERT INTO LPU_MOVIE_SEAT(SEAT_ID,SEAT_PRICE,SEAT_STATUS,SHOW_ID) VALUES (1024,200,'Available',1001);
INSERT INTO LPU_MOVIE_SEAT(SEAT_ID,SEAT_PRICE,SEAT_STATUS,SHOW_ID) VALUES (1025,200,'Available',1001);
INSERT INTO LPU_MOVIE_SEAT(SEAT_ID,SEAT_PRICE,SEAT_STATUS,SHOW_ID) VALUES (1026,200,'Available',1001);
INSERT INTO LPU_MOVIE_SEAT(SEAT_ID,SEAT_PRICE,SEAT_STATUS,SHOW_ID) VALUES (1027,200,'Available',1001);
INSERT INTO LPU_MOVIE_SEAT(SEAT_ID,SEAT_PRICE,SEAT_STATUS,SHOW_ID) VALUES (1028,200,'Available',1001);
INSERT INTO LPU_MOVIE_SEAT(SEAT_ID,SEAT_PRICE,SEAT_STATUS,SHOW_ID) VALUES (1029,200,'Available',1001);
INSERT INTO LPU_MOVIE_SEAT(SEAT_ID,SEAT_PRICE,SEAT_STATUS,SHOW_ID) VALUES (1030,200,'Available',1001);
INSERT INTO LPU_MOVIE_SEAT(SEAT_ID,SEAT_PRICE,SEAT_STATUS,SHOW_ID) VALUES (1031,200,'Available',1001);
INSERT INTO LPU_MOVIE_SEAT(SEAT_ID,SEAT_PRICE,SEAT_STATUS,SHOW_ID) VALUES (1032,200,'Available',1001);
INSERT INTO LPU_MOVIE_SEAT(SEAT_ID,SEAT_PRICE,SEAT_STATUS,SHOW_ID) VALUES (1033,200,'Available',1001);
INSERT INTO LPU_MOVIE_SEAT(SEAT_ID,SEAT_PRICE,SEAT_STATUS,SHOW_ID) VALUES (1034,200,'Available',1001);
INSERT INTO LPU_MOVIE_SEAT(SEAT_ID,SEAT_PRICE,SEAT_STATUS,SHOW_ID) VALUES (1035,200,'Available',1001);
INSERT INTO LPU_MOVIE_SEAT(SEAT_ID,SEAT_PRICE,SEAT_STATUS,SHOW_ID) VALUES (1036,200,'Available',1001);



INSERT INTO LPU_MOVIE_SEAT(SEAT_ID,SEAT_PRICE,SEAT_STATUS,SHOW_ID) VALUES (2001,250,'Available',1002);
INSERT INTO LPU_MOVIE_SEAT(SEAT_ID,SEAT_PRICE,SEAT_STATUS,SHOW_ID) VALUES (2002,250,'Available',1002);
INSERT INTO LPU_MOVIE_SEAT(SEAT_ID,SEAT_PRICE,SEAT_STATUS,SHOW_ID) VALUES (2003,250,'Available',1002);
INSERT INTO LPU_MOVIE_SEAT(SEAT_ID,SEAT_PRICE,SEAT_STATUS,SHOW_ID) VALUES (2004,250,'Available',1002);
INSERT INTO LPU_MOVIE_SEAT(SEAT_ID,SEAT_PRICE,SEAT_STATUS,SHOW_ID) VALUES (2005,250,'Available',1002);
INSERT INTO LPU_MOVIE_SEAT(SEAT_ID,SEAT_PRICE,SEAT_STATUS,SHOW_ID) VALUES (2006,250,'Available',1002);
INSERT INTO LPU_MOVIE_SEAT(SEAT_ID,SEAT_PRICE,SEAT_STATUS,SHOW_ID) VALUES (2007,250,'Available',1002);
INSERT INTO LPU_MOVIE_SEAT(SEAT_ID,SEAT_PRICE,SEAT_STATUS,SHOW_ID) VALUES (2008,250,'Available',1002);
INSERT INTO LPU_MOVIE_SEAT(SEAT_ID,SEAT_PRICE,SEAT_STATUS,SHOW_ID) VALUES (2009,250,'Available',1002);
INSERT INTO LPU_MOVIE_SEAT(SEAT_ID,SEAT_PRICE,SEAT_STATUS,SHOW_ID) VALUES (2010,250,'Available',1002);
INSERT INTO LPU_MOVIE_SEAT(SEAT_ID,SEAT_PRICE,SEAT_STATUS,SHOW_ID) VALUES (2011,250,'Available',1002);
INSERT INTO LPU_MOVIE_SEAT(SEAT_ID,SEAT_PRICE,SEAT_STATUS,SHOW_ID) VALUES (2012,250,'Available',1002);
INSERT INTO LPU_MOVIE_SEAT(SEAT_ID,SEAT_PRICE,SEAT_STATUS,SHOW_ID) VALUES (2013,250,'Available',1002);
INSERT INTO LPU_MOVIE_SEAT(SEAT_ID,SEAT_PRICE,SEAT_STATUS,SHOW_ID) VALUES (2014,250,'Available',1002);
INSERT INTO LPU_MOVIE_SEAT(SEAT_ID,SEAT_PRICE,SEAT_STATUS,SHOW_ID) VALUES (2015,250,'Available',1002);
INSERT INTO LPU_MOVIE_SEAT(SEAT_ID,SEAT_PRICE,SEAT_STATUS,SHOW_ID) VALUES (2016,250,'Available',1002);
INSERT INTO LPU_MOVIE_SEAT(SEAT_ID,SEAT_PRICE,SEAT_STATUS,SHOW_ID) VALUES (2017,250,'Available',1002);
INSERT INTO LPU_MOVIE_SEAT(SEAT_ID,SEAT_PRICE,SEAT_STATUS,SHOW_ID) VALUES (2018,250,'Available',1002);
INSERT INTO LPU_MOVIE_SEAT(SEAT_ID,SEAT_PRICE,SEAT_STATUS,SHOW_ID) VALUES (2019,250,'Available',1002);
INSERT INTO LPU_MOVIE_SEAT(SEAT_ID,SEAT_PRICE,SEAT_STATUS,SHOW_ID) VALUES (2020,250,'Available',1002);
INSERT INTO LPU_MOVIE_SEAT(SEAT_ID,SEAT_PRICE,SEAT_STATUS,SHOW_ID) VALUES (2021,250,'Available',1002);
INSERT INTO LPU_MOVIE_SEAT(SEAT_ID,SEAT_PRICE,SEAT_STATUS,SHOW_ID) VALUES (2022,250,'Available',1002);
INSERT INTO LPU_MOVIE_SEAT(SEAT_ID,SEAT_PRICE,SEAT_STATUS,SHOW_ID) VALUES (2023,250,'Available',1002);
INSERT INTO LPU_MOVIE_SEAT(SEAT_ID,SEAT_PRICE,SEAT_STATUS,SHOW_ID) VALUES (2024,250,'Available',1002);
INSERT INTO LPU_MOVIE_SEAT(SEAT_ID,SEAT_PRICE,SEAT_STATUS,SHOW_ID) VALUES (2025,250,'Available',1002);
INSERT INTO LPU_MOVIE_SEAT(SEAT_ID,SEAT_PRICE,SEAT_STATUS,SHOW_ID) VALUES (2026,250,'Available',1002);
INSERT INTO LPU_MOVIE_SEAT(SEAT_ID,SEAT_PRICE,SEAT_STATUS,SHOW_ID) VALUES (2027,250,'Available',1002);
INSERT INTO LPU_MOVIE_SEAT(SEAT_ID,SEAT_PRICE,SEAT_STATUS,SHOW_ID) VALUES (2028,250,'Available',1002);
INSERT INTO LPU_MOVIE_SEAT(SEAT_ID,SEAT_PRICE,SEAT_STATUS,SHOW_ID) VALUES (2029,250,'Available',1002);
INSERT INTO LPU_MOVIE_SEAT(SEAT_ID,SEAT_PRICE,SEAT_STATUS,SHOW_ID) VALUES (2030,250,'Available',1002);
INSERT INTO LPU_MOVIE_SEAT(SEAT_ID,SEAT_PRICE,SEAT_STATUS,SHOW_ID) VALUES (2031,250,'Available',1002);
INSERT INTO LPU_MOVIE_SEAT(SEAT_ID,SEAT_PRICE,SEAT_STATUS,SHOW_ID) VALUES (2032,250,'Available',1002);
INSERT INTO LPU_MOVIE_SEAT(SEAT_ID,SEAT_PRICE,SEAT_STATUS,SHOW_ID) VALUES (2033,250,'Available',1002);
INSERT INTO LPU_MOVIE_SEAT(SEAT_ID,SEAT_PRICE,SEAT_STATUS,SHOW_ID) VALUES (2034,250,'Available',1002);
INSERT INTO LPU_MOVIE_SEAT(SEAT_ID,SEAT_PRICE,SEAT_STATUS,SHOW_ID) VALUES (2035,250,'Available',1002);
INSERT INTO LPU_MOVIE_SEAT(SEAT_ID,SEAT_PRICE,SEAT_STATUS,SHOW_ID) VALUES (2036,250,'Available',1002);

INSERT INTO LPU_MOVIE_SEAT(SEAT_ID,SEAT_PRICE,SEAT_STATUS,SHOW_ID) VALUES (3001,200,'Available',1003);
INSERT INTO LPU_MOVIE_SEAT(SEAT_ID,SEAT_PRICE,SEAT_STATUS,SHOW_ID) VALUES (3002,200,'Available',1003);
INSERT INTO LPU_MOVIE_SEAT(SEAT_ID,SEAT_PRICE,SEAT_STATUS,SHOW_ID) VALUES (3003,200,'Available',1003);
INSERT INTO LPU_MOVIE_SEAT(SEAT_ID,SEAT_PRICE,SEAT_STATUS,SHOW_ID) VALUES (3004,200,'Available',1003);
INSERT INTO LPU_MOVIE_SEAT(SEAT_ID,SEAT_PRICE,SEAT_STATUS,SHOW_ID) VALUES (3005,200,'Available',1003);
INSERT INTO LPU_MOVIE_SEAT(SEAT_ID,SEAT_PRICE,SEAT_STATUS,SHOW_ID) VALUES (3006,200,'Available',1003);
INSERT INTO LPU_MOVIE_SEAT(SEAT_ID,SEAT_PRICE,SEAT_STATUS,SHOW_ID) VALUES (3007,200,'Available',1003);
INSERT INTO LPU_MOVIE_SEAT(SEAT_ID,SEAT_PRICE,SEAT_STATUS,SHOW_ID) VALUES (3008,200,'Available',1003);
INSERT INTO LPU_MOVIE_SEAT(SEAT_ID,SEAT_PRICE,SEAT_STATUS,SHOW_ID) VALUES (3009,200,'Available',1003);
INSERT INTO LPU_MOVIE_SEAT(SEAT_ID,SEAT_PRICE,SEAT_STATUS,SHOW_ID) VALUES (3010,200,'Available',1003);
INSERT INTO LPU_MOVIE_SEAT(SEAT_ID,SEAT_PRICE,SEAT_STATUS,SHOW_ID) VALUES (3011,200,'Available',1003);
INSERT INTO LPU_MOVIE_SEAT(SEAT_ID,SEAT_PRICE,SEAT_STATUS,SHOW_ID) VALUES (3012,200,'Available',1003);
INSERT INTO LPU_MOVIE_SEAT(SEAT_ID,SEAT_PRICE,SEAT_STATUS,SHOW_ID) VALUES (3013,200,'Available',1003);
INSERT INTO LPU_MOVIE_SEAT(SEAT_ID,SEAT_PRICE,SEAT_STATUS,SHOW_ID) VALUES (3014,200,'Available',1003);
INSERT INTO LPU_MOVIE_SEAT(SEAT_ID,SEAT_PRICE,SEAT_STATUS,SHOW_ID) VALUES (3015,200,'Available',1003);
INSERT INTO LPU_MOVIE_SEAT(SEAT_ID,SEAT_PRICE,SEAT_STATUS,SHOW_ID) VALUES (3016,200,'Available',1003);
INSERT INTO LPU_MOVIE_SEAT(SEAT_ID,SEAT_PRICE,SEAT_STATUS,SHOW_ID) VALUES (3017,200,'Available',1003);
INSERT INTO LPU_MOVIE_SEAT(SEAT_ID,SEAT_PRICE,SEAT_STATUS,SHOW_ID) VALUES (3018,200,'Available',1003);
INSERT INTO LPU_MOVIE_SEAT(SEAT_ID,SEAT_PRICE,SEAT_STATUS,SHOW_ID) VALUES (3019,200,'Available',1003);
INSERT INTO LPU_MOVIE_SEAT(SEAT_ID,SEAT_PRICE,SEAT_STATUS,SHOW_ID) VALUES (3020,200,'Available',1003);
INSERT INTO LPU_MOVIE_SEAT(SEAT_ID,SEAT_PRICE,SEAT_STATUS,SHOW_ID) VALUES (3021,200,'Available',1003);
INSERT INTO LPU_MOVIE_SEAT(SEAT_ID,SEAT_PRICE,SEAT_STATUS,SHOW_ID) VALUES (3022,200,'Available',1003);
INSERT INTO LPU_MOVIE_SEAT(SEAT_ID,SEAT_PRICE,SEAT_STATUS,SHOW_ID) VALUES (3023,200,'Available',1003);
INSERT INTO LPU_MOVIE_SEAT(SEAT_ID,SEAT_PRICE,SEAT_STATUS,SHOW_ID) VALUES (3024,200,'Available',1003);
INSERT INTO LPU_MOVIE_SEAT(SEAT_ID,SEAT_PRICE,SEAT_STATUS,SHOW_ID) VALUES (3025,200,'Available',1003);
INSERT INTO LPU_MOVIE_SEAT(SEAT_ID,SEAT_PRICE,SEAT_STATUS,SHOW_ID) VALUES (3026,200,'Available',1003);
INSERT INTO LPU_MOVIE_SEAT(SEAT_ID,SEAT_PRICE,SEAT_STATUS,SHOW_ID) VALUES (3027,200,'Available',1003);
INSERT INTO LPU_MOVIE_SEAT(SEAT_ID,SEAT_PRICE,SEAT_STATUS,SHOW_ID) VALUES (3028,200,'Available',1003);
INSERT INTO LPU_MOVIE_SEAT(SEAT_ID,SEAT_PRICE,SEAT_STATUS,SHOW_ID) VALUES (3029,200,'Available',1003);
INSERT INTO LPU_MOVIE_SEAT(SEAT_ID,SEAT_PRICE,SEAT_STATUS,SHOW_ID) VALUES (3030,200,'Available',1003);
INSERT INTO LPU_MOVIE_SEAT(SEAT_ID,SEAT_PRICE,SEAT_STATUS,SHOW_ID) VALUES (3031,200,'Available',1003);
INSERT INTO LPU_MOVIE_SEAT(SEAT_ID,SEAT_PRICE,SEAT_STATUS,SHOW_ID) VALUES (3032,200,'Available',1003);
INSERT INTO LPU_MOVIE_SEAT(SEAT_ID,SEAT_PRICE,SEAT_STATUS,SHOW_ID) VALUES (3033,200,'Available',1003);
INSERT INTO LPU_MOVIE_SEAT(SEAT_ID,SEAT_PRICE,SEAT_STATUS,SHOW_ID) VALUES (3034,200,'Available',1003);
INSERT INTO LPU_MOVIE_SEAT(SEAT_ID,SEAT_PRICE,SEAT_STATUS,SHOW_ID) VALUES (3035,200,'Available',1003);
INSERT INTO LPU_MOVIE_SEAT(SEAT_ID,SEAT_PRICE,SEAT_STATUS,SHOW_ID) VALUES (3036,200,'Available',1003);

INSERT INTO LPU_MOVIE_SEAT(SEAT_ID,SEAT_PRICE,SEAT_STATUS,SHOW_ID) VALUES (4001,200,'Available',1004);
INSERT INTO LPU_MOVIE_SEAT(SEAT_ID,SEAT_PRICE,SEAT_STATUS,SHOW_ID) VALUES (4002,200,'Available',1004);
INSERT INTO LPU_MOVIE_SEAT(SEAT_ID,SEAT_PRICE,SEAT_STATUS,SHOW_ID) VALUES (4003,200,'Available',1004);
INSERT INTO LPU_MOVIE_SEAT(SEAT_ID,SEAT_PRICE,SEAT_STATUS,SHOW_ID) VALUES (4004,200,'Available',1004);
INSERT INTO LPU_MOVIE_SEAT(SEAT_ID,SEAT_PRICE,SEAT_STATUS,SHOW_ID) VALUES (4005,200,'Available',1004);
INSERT INTO LPU_MOVIE_SEAT(SEAT_ID,SEAT_PRICE,SEAT_STATUS,SHOW_ID) VALUES (4006,200,'Available',1004);
INSERT INTO LPU_MOVIE_SEAT(SEAT_ID,SEAT_PRICE,SEAT_STATUS,SHOW_ID) VALUES (4007,200,'Available',1004);
INSERT INTO LPU_MOVIE_SEAT(SEAT_ID,SEAT_PRICE,SEAT_STATUS,SHOW_ID) VALUES (4008,200,'Available',1004);
INSERT INTO LPU_MOVIE_SEAT(SEAT_ID,SEAT_PRICE,SEAT_STATUS,SHOW_ID) VALUES (4009,200,'Available',1004);
INSERT INTO LPU_MOVIE_SEAT(SEAT_ID,SEAT_PRICE,SEAT_STATUS,SHOW_ID) VALUES (4010,200,'Available',1004);
INSERT INTO LPU_MOVIE_SEAT(SEAT_ID,SEAT_PRICE,SEAT_STATUS,SHOW_ID) VALUES (4011,200,'Available',1004);
INSERT INTO LPU_MOVIE_SEAT(SEAT_ID,SEAT_PRICE,SEAT_STATUS,SHOW_ID) VALUES (4012,200,'Available',1004);
INSERT INTO LPU_MOVIE_SEAT(SEAT_ID,SEAT_PRICE,SEAT_STATUS,SHOW_ID) VALUES (4013,200,'Available',1004);
INSERT INTO LPU_MOVIE_SEAT(SEAT_ID,SEAT_PRICE,SEAT_STATUS,SHOW_ID) VALUES (4014,200,'Available',1004);
INSERT INTO LPU_MOVIE_SEAT(SEAT_ID,SEAT_PRICE,SEAT_STATUS,SHOW_ID) VALUES (4015,200,'Available',1004);
INSERT INTO LPU_MOVIE_SEAT(SEAT_ID,SEAT_PRICE,SEAT_STATUS,SHOW_ID) VALUES (4016,200,'Available',1004);
INSERT INTO LPU_MOVIE_SEAT(SEAT_ID,SEAT_PRICE,SEAT_STATUS,SHOW_ID) VALUES (4017,200,'Available',1004);
INSERT INTO LPU_MOVIE_SEAT(SEAT_ID,SEAT_PRICE,SEAT_STATUS,SHOW_ID) VALUES (4018,200,'Available',1004);
INSERT INTO LPU_MOVIE_SEAT(SEAT_ID,SEAT_PRICE,SEAT_STATUS,SHOW_ID) VALUES (4019,200,'Available',1004);
INSERT INTO LPU_MOVIE_SEAT(SEAT_ID,SEAT_PRICE,SEAT_STATUS,SHOW_ID) VALUES (4020,200,'Available',1004);
INSERT INTO LPU_MOVIE_SEAT(SEAT_ID,SEAT_PRICE,SEAT_STATUS,SHOW_ID) VALUES (4021,200,'Available',1004);
INSERT INTO LPU_MOVIE_SEAT(SEAT_ID,SEAT_PRICE,SEAT_STATUS,SHOW_ID) VALUES (4022,200,'Available',1004);
INSERT INTO LPU_MOVIE_SEAT(SEAT_ID,SEAT_PRICE,SEAT_STATUS,SHOW_ID) VALUES (4023,200,'Available',1004);
INSERT INTO LPU_MOVIE_SEAT(SEAT_ID,SEAT_PRICE,SEAT_STATUS,SHOW_ID) VALUES (4024,200,'Available',1004);
INSERT INTO LPU_MOVIE_SEAT(SEAT_ID,SEAT_PRICE,SEAT_STATUS,SHOW_ID) VALUES (4025,200,'Available',1004);
INSERT INTO LPU_MOVIE_SEAT(SEAT_ID,SEAT_PRICE,SEAT_STATUS,SHOW_ID) VALUES (4026,200,'Available',1004);
INSERT INTO LPU_MOVIE_SEAT(SEAT_ID,SEAT_PRICE,SEAT_STATUS,SHOW_ID) VALUES (4027,200,'Available',1004);
INSERT INTO LPU_MOVIE_SEAT(SEAT_ID,SEAT_PRICE,SEAT_STATUS,SHOW_ID) VALUES (4028,200,'Available',1004);
INSERT INTO LPU_MOVIE_SEAT(SEAT_ID,SEAT_PRICE,SEAT_STATUS,SHOW_ID) VALUES (4029,200,'Available',1004);
INSERT INTO LPU_MOVIE_SEAT(SEAT_ID,SEAT_PRICE,SEAT_STATUS,SHOW_ID) VALUES (4030,200,'Available',1004);
INSERT INTO LPU_MOVIE_SEAT(SEAT_ID,SEAT_PRICE,SEAT_STATUS,SHOW_ID) VALUES (4031,200,'Available',1004);
INSERT INTO LPU_MOVIE_SEAT(SEAT_ID,SEAT_PRICE,SEAT_STATUS,SHOW_ID) VALUES (4032,200,'Available',1004);
INSERT INTO LPU_MOVIE_SEAT(SEAT_ID,SEAT_PRICE,SEAT_STATUS,SHOW_ID) VALUES (4033,200,'Available',1004);
INSERT INTO LPU_MOVIE_SEAT(SEAT_ID,SEAT_PRICE,SEAT_STATUS,SHOW_ID) VALUES (4034,200,'Available',1004);
INSERT INTO LPU_MOVIE_SEAT(SEAT_ID,SEAT_PRICE,SEAT_STATUS,SHOW_ID) VALUES (4035,200,'Available',1004);
INSERT INTO LPU_MOVIE_SEAT(SEAT_ID,SEAT_PRICE,SEAT_STATUS,SHOW_ID) VALUES (4036,200,'Available',1004);





INSERT INTO LPU_MOVIE_SEAT(SEAT_ID,SEAT_PRICE,SEAT_STATUS,SHOW_ID) VALUES (5001,200,'Available',1005);
INSERT INTO LPU_MOVIE_SEAT(SEAT_ID,SEAT_PRICE,SEAT_STATUS,SHOW_ID) VALUES (5002,200,'Available',1005);
INSERT INTO LPU_MOVIE_SEAT(SEAT_ID,SEAT_PRICE,SEAT_STATUS,SHOW_ID) VALUES (5003,200,'Available',1005);
INSERT INTO LPU_MOVIE_SEAT(SEAT_ID,SEAT_PRICE,SEAT_STATUS,SHOW_ID) VALUES (5004,200,'Available',1005);
INSERT INTO LPU_MOVIE_SEAT(SEAT_ID,SEAT_PRICE,SEAT_STATUS,SHOW_ID) VALUES (5005,200,'Available',1005);
INSERT INTO LPU_MOVIE_SEAT(SEAT_ID,SEAT_PRICE,SEAT_STATUS,SHOW_ID) VALUES (5006,200,'Available',1005);
INSERT INTO LPU_MOVIE_SEAT(SEAT_ID,SEAT_PRICE,SEAT_STATUS,SHOW_ID) VALUES (5007,200,'Available',1005);
INSERT INTO LPU_MOVIE_SEAT(SEAT_ID,SEAT_PRICE,SEAT_STATUS,SHOW_ID) VALUES (5008,200,'Available',1005);
INSERT INTO LPU_MOVIE_SEAT(SEAT_ID,SEAT_PRICE,SEAT_STATUS,SHOW_ID) VALUES (5009,200,'Available',1005);
INSERT INTO LPU_MOVIE_SEAT(SEAT_ID,SEAT_PRICE,SEAT_STATUS,SHOW_ID) VALUES (5010,200,'Available',1005);
INSERT INTO LPU_MOVIE_SEAT(SEAT_ID,SEAT_PRICE,SEAT_STATUS,SHOW_ID) VALUES (5011,200,'Available',1005);
INSERT INTO LPU_MOVIE_SEAT(SEAT_ID,SEAT_PRICE,SEAT_STATUS,SHOW_ID) VALUES (5012,200,'Available',1005);
INSERT INTO LPU_MOVIE_SEAT(SEAT_ID,SEAT_PRICE,SEAT_STATUS,SHOW_ID) VALUES (5013,200,'Available',1005);
INSERT INTO LPU_MOVIE_SEAT(SEAT_ID,SEAT_PRICE,SEAT_STATUS,SHOW_ID) VALUES (5014,200,'Available',1005);
INSERT INTO LPU_MOVIE_SEAT(SEAT_ID,SEAT_PRICE,SEAT_STATUS,SHOW_ID) VALUES (5015,200,'Available',1005);
INSERT INTO LPU_MOVIE_SEAT(SEAT_ID,SEAT_PRICE,SEAT_STATUS,SHOW_ID) VALUES (5016,200,'Available',1005);
INSERT INTO LPU_MOVIE_SEAT(SEAT_ID,SEAT_PRICE,SEAT_STATUS,SHOW_ID) VALUES (5017,200,'Available',1005);
INSERT INTO LPU_MOVIE_SEAT(SEAT_ID,SEAT_PRICE,SEAT_STATUS,SHOW_ID) VALUES (5018,200,'Available',1005);
INSERT INTO LPU_MOVIE_SEAT(SEAT_ID,SEAT_PRICE,SEAT_STATUS,SHOW_ID) VALUES (5019,200,'Available',1005);
INSERT INTO LPU_MOVIE_SEAT(SEAT_ID,SEAT_PRICE,SEAT_STATUS,SHOW_ID) VALUES (5020,200,'Available',1005);
INSERT INTO LPU_MOVIE_SEAT(SEAT_ID,SEAT_PRICE,SEAT_STATUS,SHOW_ID) VALUES (5021,200,'Available',1005);
INSERT INTO LPU_MOVIE_SEAT(SEAT_ID,SEAT_PRICE,SEAT_STATUS,SHOW_ID) VALUES (5022,200,'Available',1005);
INSERT INTO LPU_MOVIE_SEAT(SEAT_ID,SEAT_PRICE,SEAT_STATUS,SHOW_ID) VALUES (5023,200,'Available',1005);
INSERT INTO LPU_MOVIE_SEAT(SEAT_ID,SEAT_PRICE,SEAT_STATUS,SHOW_ID) VALUES (5024,200,'Available',1005);
INSERT INTO LPU_MOVIE_SEAT(SEAT_ID,SEAT_PRICE,SEAT_STATUS,SHOW_ID) VALUES (5025,200,'Available',1005);
INSERT INTO LPU_MOVIE_SEAT(SEAT_ID,SEAT_PRICE,SEAT_STATUS,SHOW_ID) VALUES (5026,200,'Available',1005);
INSERT INTO LPU_MOVIE_SEAT(SEAT_ID,SEAT_PRICE,SEAT_STATUS,SHOW_ID) VALUES (5027,200,'Available',1005);
INSERT INTO LPU_MOVIE_SEAT(SEAT_ID,SEAT_PRICE,SEAT_STATUS,SHOW_ID) VALUES (5028,200,'Available',1005);
INSERT INTO LPU_MOVIE_SEAT(SEAT_ID,SEAT_PRICE,SEAT_STATUS,SHOW_ID) VALUES (5029,200,'Available',1005);
INSERT INTO LPU_MOVIE_SEAT(SEAT_ID,SEAT_PRICE,SEAT_STATUS,SHOW_ID) VALUES (5030,200,'Available',1005);
INSERT INTO LPU_MOVIE_SEAT(SEAT_ID,SEAT_PRICE,SEAT_STATUS,SHOW_ID) VALUES (5031,200,'Available',1005);
INSERT INTO LPU_MOVIE_SEAT(SEAT_ID,SEAT_PRICE,SEAT_STATUS,SHOW_ID) VALUES (5032,200,'Available',1005);
INSERT INTO LPU_MOVIE_SEAT(SEAT_ID,SEAT_PRICE,SEAT_STATUS,SHOW_ID) VALUES (5033,200,'Available',1005);
INSERT INTO LPU_MOVIE_SEAT(SEAT_ID,SEAT_PRICE,SEAT_STATUS,SHOW_ID) VALUES (5034,200,'Available',1005);
INSERT INTO LPU_MOVIE_SEAT(SEAT_ID,SEAT_PRICE,SEAT_STATUS,SHOW_ID) VALUES (5035,200,'Available',1005);
INSERT INTO LPU_MOVIE_SEAT(SEAT_ID,SEAT_PRICE,SEAT_STATUS,SHOW_ID) VALUES (5036,200,'Available',1005);


INSERT INTO LPU_MOVIE_SEAT(SEAT_ID,SEAT_PRICE,SEAT_STATUS,SHOW_ID) VALUES (6001,200,'Available',1006);
INSERT INTO LPU_MOVIE_SEAT(SEAT_ID,SEAT_PRICE,SEAT_STATUS,SHOW_ID) VALUES (6002,200,'Available',1006);
INSERT INTO LPU_MOVIE_SEAT(SEAT_ID,SEAT_PRICE,SEAT_STATUS,SHOW_ID) VALUES (6003,200,'Available',1006);
INSERT INTO LPU_MOVIE_SEAT(SEAT_ID,SEAT_PRICE,SEAT_STATUS,SHOW_ID) VALUES (6004,200,'Available',1006);
INSERT INTO LPU_MOVIE_SEAT(SEAT_ID,SEAT_PRICE,SEAT_STATUS,SHOW_ID) VALUES (6005,200,'Available',1006);
INSERT INTO LPU_MOVIE_SEAT(SEAT_ID,SEAT_PRICE,SEAT_STATUS,SHOW_ID) VALUES (6006,200,'Available',1006);
INSERT INTO LPU_MOVIE_SEAT(SEAT_ID,SEAT_PRICE,SEAT_STATUS,SHOW_ID) VALUES (6007,200,'Available',1006);
INSERT INTO LPU_MOVIE_SEAT(SEAT_ID,SEAT_PRICE,SEAT_STATUS,SHOW_ID) VALUES (6008,200,'Available',1006);
INSERT INTO LPU_MOVIE_SEAT(SEAT_ID,SEAT_PRICE,SEAT_STATUS,SHOW_ID) VALUES (6009,200,'Available',1006);
INSERT INTO LPU_MOVIE_SEAT(SEAT_ID,SEAT_PRICE,SEAT_STATUS,SHOW_ID) VALUES (6010,200,'Available',1006);
INSERT INTO LPU_MOVIE_SEAT(SEAT_ID,SEAT_PRICE,SEAT_STATUS,SHOW_ID) VALUES (6011,200,'Available',1006);
INSERT INTO LPU_MOVIE_SEAT(SEAT_ID,SEAT_PRICE,SEAT_STATUS,SHOW_ID) VALUES (6012,200,'Available',1006);
INSERT INTO LPU_MOVIE_SEAT(SEAT_ID,SEAT_PRICE,SEAT_STATUS,SHOW_ID) VALUES (6013,200,'Available',1006);
INSERT INTO LPU_MOVIE_SEAT(SEAT_ID,SEAT_PRICE,SEAT_STATUS,SHOW_ID) VALUES (6014,200,'Available',1006);
INSERT INTO LPU_MOVIE_SEAT(SEAT_ID,SEAT_PRICE,SEAT_STATUS,SHOW_ID) VALUES (6015,200,'Available',1006);
INSERT INTO LPU_MOVIE_SEAT(SEAT_ID,SEAT_PRICE,SEAT_STATUS,SHOW_ID) VALUES (6016,200,'Available',1006);
INSERT INTO LPU_MOVIE_SEAT(SEAT_ID,SEAT_PRICE,SEAT_STATUS,SHOW_ID) VALUES (6017,200,'Available',1006);
INSERT INTO LPU_MOVIE_SEAT(SEAT_ID,SEAT_PRICE,SEAT_STATUS,SHOW_ID) VALUES (6018,200,'Available',1006);
INSERT INTO LPU_MOVIE_SEAT(SEAT_ID,SEAT_PRICE,SEAT_STATUS,SHOW_ID) VALUES (6019,200,'Available',1006);
INSERT INTO LPU_MOVIE_SEAT(SEAT_ID,SEAT_PRICE,SEAT_STATUS,SHOW_ID) VALUES (6020,200,'Available',1006);
INSERT INTO LPU_MOVIE_SEAT(SEAT_ID,SEAT_PRICE,SEAT_STATUS,SHOW_ID) VALUES (6021,200,'Available',1006);
INSERT INTO LPU_MOVIE_SEAT(SEAT_ID,SEAT_PRICE,SEAT_STATUS,SHOW_ID) VALUES (6022,200,'Available',1006);
INSERT INTO LPU_MOVIE_SEAT(SEAT_ID,SEAT_PRICE,SEAT_STATUS,SHOW_ID) VALUES (6023,200,'Available',1006);
INSERT INTO LPU_MOVIE_SEAT(SEAT_ID,SEAT_PRICE,SEAT_STATUS,SHOW_ID) VALUES (6024,200,'Available',1006);
INSERT INTO LPU_MOVIE_SEAT(SEAT_ID,SEAT_PRICE,SEAT_STATUS,SHOW_ID) VALUES (6025,200,'Available',1006);
INSERT INTO LPU_MOVIE_SEAT(SEAT_ID,SEAT_PRICE,SEAT_STATUS,SHOW_ID) VALUES (6026,200,'Available',1006);
INSERT INTO LPU_MOVIE_SEAT(SEAT_ID,SEAT_PRICE,SEAT_STATUS,SHOW_ID) VALUES (6027,200,'Available',1006);
INSERT INTO LPU_MOVIE_SEAT(SEAT_ID,SEAT_PRICE,SEAT_STATUS,SHOW_ID) VALUES (6028,200,'Available',1006);
INSERT INTO LPU_MOVIE_SEAT(SEAT_ID,SEAT_PRICE,SEAT_STATUS,SHOW_ID) VALUES (6029,200,'Available',1006);
INSERT INTO LPU_MOVIE_SEAT(SEAT_ID,SEAT_PRICE,SEAT_STATUS,SHOW_ID) VALUES (6030,200,'Available',1006);
INSERT INTO LPU_MOVIE_SEAT(SEAT_ID,SEAT_PRICE,SEAT_STATUS,SHOW_ID) VALUES (6031,200,'Available',1006);
INSERT INTO LPU_MOVIE_SEAT(SEAT_ID,SEAT_PRICE,SEAT_STATUS,SHOW_ID) VALUES (6032,200,'Available',1006);
INSERT INTO LPU_MOVIE_SEAT(SEAT_ID,SEAT_PRICE,SEAT_STATUS,SHOW_ID) VALUES (6033,200,'Available',1006);
INSERT INTO LPU_MOVIE_SEAT(SEAT_ID,SEAT_PRICE,SEAT_STATUS,SHOW_ID) VALUES (6034,200,'Available',1006);
INSERT INTO LPU_MOVIE_SEAT(SEAT_ID,SEAT_PRICE,SEAT_STATUS,SHOW_ID) VALUES (6035,200,'Available',1006);
INSERT INTO LPU_MOVIE_SEAT(SEAT_ID,SEAT_PRICE,SEAT_STATUS,SHOW_ID) VALUES (6036,200,'Available',1006);







INSERT INTO LPU_MOVIE_SEAT(SEAT_ID,SEAT_PRICE,SEAT_STATUS,SHOW_ID) VALUES (7001,200,'Available',1007);
INSERT INTO LPU_MOVIE_SEAT(SEAT_ID,SEAT_PRICE,SEAT_STATUS,SHOW_ID) VALUES (7002,200,'Available',1007);
INSERT INTO LPU_MOVIE_SEAT(SEAT_ID,SEAT_PRICE,SEAT_STATUS,SHOW_ID) VALUES (7003,200,'Available',1007);
INSERT INTO LPU_MOVIE_SEAT(SEAT_ID,SEAT_PRICE,SEAT_STATUS,SHOW_ID) VALUES (7004,200,'Available',1007);
INSERT INTO LPU_MOVIE_SEAT(SEAT_ID,SEAT_PRICE,SEAT_STATUS,SHOW_ID) VALUES (7005,200,'Available',1007);
INSERT INTO LPU_MOVIE_SEAT(SEAT_ID,SEAT_PRICE,SEAT_STATUS,SHOW_ID) VALUES (7006,200,'Available',1007);
INSERT INTO LPU_MOVIE_SEAT(SEAT_ID,SEAT_PRICE,SEAT_STATUS,SHOW_ID) VALUES (7007,200,'Available',1007);
INSERT INTO LPU_MOVIE_SEAT(SEAT_ID,SEAT_PRICE,SEAT_STATUS,SHOW_ID) VALUES (7008,200,'Available',1007);
INSERT INTO LPU_MOVIE_SEAT(SEAT_ID,SEAT_PRICE,SEAT_STATUS,SHOW_ID) VALUES (7009,200,'Available',1007);
INSERT INTO LPU_MOVIE_SEAT(SEAT_ID,SEAT_PRICE,SEAT_STATUS,SHOW_ID) VALUES (7010,200,'Available',1007);
INSERT INTO LPU_MOVIE_SEAT(SEAT_ID,SEAT_PRICE,SEAT_STATUS,SHOW_ID) VALUES (7011,200,'Available',1007);
INSERT INTO LPU_MOVIE_SEAT(SEAT_ID,SEAT_PRICE,SEAT_STATUS,SHOW_ID) VALUES (7012,200,'Available',1007);
INSERT INTO LPU_MOVIE_SEAT(SEAT_ID,SEAT_PRICE,SEAT_STATUS,SHOW_ID) VALUES (7013,200,'Available',1007);
INSERT INTO LPU_MOVIE_SEAT(SEAT_ID,SEAT_PRICE,SEAT_STATUS,SHOW_ID) VALUES (7014,200,'Available',1007);
INSERT INTO LPU_MOVIE_SEAT(SEAT_ID,SEAT_PRICE,SEAT_STATUS,SHOW_ID) VALUES (7015,200,'Available',1007);
INSERT INTO LPU_MOVIE_SEAT(SEAT_ID,SEAT_PRICE,SEAT_STATUS,SHOW_ID) VALUES (7016,200,'Available',1007);
INSERT INTO LPU_MOVIE_SEAT(SEAT_ID,SEAT_PRICE,SEAT_STATUS,SHOW_ID) VALUES (7017,200,'Available',1007);
INSERT INTO LPU_MOVIE_SEAT(SEAT_ID,SEAT_PRICE,SEAT_STATUS,SHOW_ID) VALUES (7018,200,'Available',1007);
INSERT INTO LPU_MOVIE_SEAT(SEAT_ID,SEAT_PRICE,SEAT_STATUS,SHOW_ID) VALUES (7019,200,'Available',1007);
INSERT INTO LPU_MOVIE_SEAT(SEAT_ID,SEAT_PRICE,SEAT_STATUS,SHOW_ID) VALUES (7020,200,'Available',1007);
INSERT INTO LPU_MOVIE_SEAT(SEAT_ID,SEAT_PRICE,SEAT_STATUS,SHOW_ID) VALUES (7021,200,'Available',1007);
INSERT INTO LPU_MOVIE_SEAT(SEAT_ID,SEAT_PRICE,SEAT_STATUS,SHOW_ID) VALUES (7022,200,'Available',1007);
INSERT INTO LPU_MOVIE_SEAT(SEAT_ID,SEAT_PRICE,SEAT_STATUS,SHOW_ID) VALUES (7023,200,'Available',1007);
INSERT INTO LPU_MOVIE_SEAT(SEAT_ID,SEAT_PRICE,SEAT_STATUS,SHOW_ID) VALUES (7024,200,'Available',1007);
INSERT INTO LPU_MOVIE_SEAT(SEAT_ID,SEAT_PRICE,SEAT_STATUS,SHOW_ID) VALUES (7025,200,'Available',1007);
INSERT INTO LPU_MOVIE_SEAT(SEAT_ID,SEAT_PRICE,SEAT_STATUS,SHOW_ID) VALUES (7026,200,'Available',1007);
INSERT INTO LPU_MOVIE_SEAT(SEAT_ID,SEAT_PRICE,SEAT_STATUS,SHOW_ID) VALUES (7027,200,'Available',1007);
INSERT INTO LPU_MOVIE_SEAT(SEAT_ID,SEAT_PRICE,SEAT_STATUS,SHOW_ID) VALUES (7028,200,'Available',1007);
INSERT INTO LPU_MOVIE_SEAT(SEAT_ID,SEAT_PRICE,SEAT_STATUS,SHOW_ID) VALUES (7029,200,'Available',1007);
INSERT INTO LPU_MOVIE_SEAT(SEAT_ID,SEAT_PRICE,SEAT_STATUS,SHOW_ID) VALUES (7030,200,'Available',1007);
INSERT INTO LPU_MOVIE_SEAT(SEAT_ID,SEAT_PRICE,SEAT_STATUS,SHOW_ID) VALUES (7031,200,'Available',1007);
INSERT INTO LPU_MOVIE_SEAT(SEAT_ID,SEAT_PRICE,SEAT_STATUS,SHOW_ID) VALUES (7032,200,'Available',1007);
INSERT INTO LPU_MOVIE_SEAT(SEAT_ID,SEAT_PRICE,SEAT_STATUS,SHOW_ID) VALUES (7033,200,'Available',1007);
INSERT INTO LPU_MOVIE_SEAT(SEAT_ID,SEAT_PRICE,SEAT_STATUS,SHOW_ID) VALUES (7034,200,'Available',1007);
INSERT INTO LPU_MOVIE_SEAT(SEAT_ID,SEAT_PRICE,SEAT_STATUS,SHOW_ID) VALUES (7035,200,'Available',1007);
INSERT INTO LPU_MOVIE_SEAT(SEAT_ID,SEAT_PRICE,SEAT_STATUS,SHOW_ID) VALUES (7036,200,'Available',1007);


INSERT INTO LPU_MOVIE_SEAT(SEAT_ID,SEAT_PRICE,SEAT_STATUS,SHOW_ID) VALUES (8001,200,'Available',1008);
INSERT INTO LPU_MOVIE_SEAT(SEAT_ID,SEAT_PRICE,SEAT_STATUS,SHOW_ID) VALUES (8002,200,'Available',1008);
INSERT INTO LPU_MOVIE_SEAT(SEAT_ID,SEAT_PRICE,SEAT_STATUS,SHOW_ID) VALUES (8003,200,'Available',1008);
INSERT INTO LPU_MOVIE_SEAT(SEAT_ID,SEAT_PRICE,SEAT_STATUS,SHOW_ID) VALUES (8004,200,'Available',1008);
INSERT INTO LPU_MOVIE_SEAT(SEAT_ID,SEAT_PRICE,SEAT_STATUS,SHOW_ID) VALUES (8005,200,'Available',1008);
INSERT INTO LPU_MOVIE_SEAT(SEAT_ID,SEAT_PRICE,SEAT_STATUS,SHOW_ID) VALUES (8006,200,'Available',1008);
INSERT INTO LPU_MOVIE_SEAT(SEAT_ID,SEAT_PRICE,SEAT_STATUS,SHOW_ID) VALUES (8007,200,'Available',1008);
INSERT INTO LPU_MOVIE_SEAT(SEAT_ID,SEAT_PRICE,SEAT_STATUS,SHOW_ID) VALUES (8008,200,'Available',1008);
INSERT INTO LPU_MOVIE_SEAT(SEAT_ID,SEAT_PRICE,SEAT_STATUS,SHOW_ID) VALUES (8009,200,'Available',1008);
INSERT INTO LPU_MOVIE_SEAT(SEAT_ID,SEAT_PRICE,SEAT_STATUS,SHOW_ID) VALUES (8010,200,'Available',1008);
INSERT INTO LPU_MOVIE_SEAT(SEAT_ID,SEAT_PRICE,SEAT_STATUS,SHOW_ID) VALUES (8011,200,'Available',1008);
INSERT INTO LPU_MOVIE_SEAT(SEAT_ID,SEAT_PRICE,SEAT_STATUS,SHOW_ID) VALUES (8012,200,'Available',1008);
INSERT INTO LPU_MOVIE_SEAT(SEAT_ID,SEAT_PRICE,SEAT_STATUS,SHOW_ID) VALUES (8013,200,'Available',1008);
INSERT INTO LPU_MOVIE_SEAT(SEAT_ID,SEAT_PRICE,SEAT_STATUS,SHOW_ID) VALUES (8014,200,'Available',1008);
INSERT INTO LPU_MOVIE_SEAT(SEAT_ID,SEAT_PRICE,SEAT_STATUS,SHOW_ID) VALUES (8015,200,'Available',1008);
INSERT INTO LPU_MOVIE_SEAT(SEAT_ID,SEAT_PRICE,SEAT_STATUS,SHOW_ID) VALUES (8016,200,'Available',1008);
INSERT INTO LPU_MOVIE_SEAT(SEAT_ID,SEAT_PRICE,SEAT_STATUS,SHOW_ID) VALUES (8017,200,'Available',1008);
INSERT INTO LPU_MOVIE_SEAT(SEAT_ID,SEAT_PRICE,SEAT_STATUS,SHOW_ID) VALUES (8018,200,'Available',1008);
INSERT INTO LPU_MOVIE_SEAT(SEAT_ID,SEAT_PRICE,SEAT_STATUS,SHOW_ID) VALUES (8019,200,'Available',1008);
INSERT INTO LPU_MOVIE_SEAT(SEAT_ID,SEAT_PRICE,SEAT_STATUS,SHOW_ID) VALUES (8020,200,'Available',1008);
INSERT INTO LPU_MOVIE_SEAT(SEAT_ID,SEAT_PRICE,SEAT_STATUS,SHOW_ID) VALUES (8021,200,'Available',1008);
INSERT INTO LPU_MOVIE_SEAT(SEAT_ID,SEAT_PRICE,SEAT_STATUS,SHOW_ID) VALUES (8022,200,'Available',1008);
INSERT INTO LPU_MOVIE_SEAT(SEAT_ID,SEAT_PRICE,SEAT_STATUS,SHOW_ID) VALUES (8023,200,'Available',1008);
INSERT INTO LPU_MOVIE_SEAT(SEAT_ID,SEAT_PRICE,SEAT_STATUS,SHOW_ID) VALUES (8024,200,'Available',1008);
INSERT INTO LPU_MOVIE_SEAT(SEAT_ID,SEAT_PRICE,SEAT_STATUS,SHOW_ID) VALUES (8025,200,'Available',1008);
INSERT INTO LPU_MOVIE_SEAT(SEAT_ID,SEAT_PRICE,SEAT_STATUS,SHOW_ID) VALUES (8026,200,'Available',1008);
INSERT INTO LPU_MOVIE_SEAT(SEAT_ID,SEAT_PRICE,SEAT_STATUS,SHOW_ID) VALUES (8027,200,'Available',1008);
INSERT INTO LPU_MOVIE_SEAT(SEAT_ID,SEAT_PRICE,SEAT_STATUS,SHOW_ID) VALUES (8028,200,'Available',1008);
INSERT INTO LPU_MOVIE_SEAT(SEAT_ID,SEAT_PRICE,SEAT_STATUS,SHOW_ID) VALUES (8029,200,'Available',1008);
INSERT INTO LPU_MOVIE_SEAT(SEAT_ID,SEAT_PRICE,SEAT_STATUS,SHOW_ID) VALUES (8030,200,'Available',1008);
INSERT INTO LPU_MOVIE_SEAT(SEAT_ID,SEAT_PRICE,SEAT_STATUS,SHOW_ID) VALUES (8031,200,'Available',1008);
INSERT INTO LPU_MOVIE_SEAT(SEAT_ID,SEAT_PRICE,SEAT_STATUS,SHOW_ID) VALUES (8032,200,'Available',1008);
INSERT INTO LPU_MOVIE_SEAT(SEAT_ID,SEAT_PRICE,SEAT_STATUS,SHOW_ID) VALUES (8033,200,'Available',1008);
INSERT INTO LPU_MOVIE_SEAT(SEAT_ID,SEAT_PRICE,SEAT_STATUS,SHOW_ID) VALUES (8034,200,'Available',1008);
INSERT INTO LPU_MOVIE_SEAT(SEAT_ID,SEAT_PRICE,SEAT_STATUS,SHOW_ID) VALUES (8035,200,'Available',1008);
INSERT INTO LPU_MOVIE_SEAT(SEAT_ID,SEAT_PRICE,SEAT_STATUS,SHOW_ID) VALUES (8036,200,'Available',1008);

INSERT INTO LPU_MOVIE_SEAT(SEAT_ID,SEAT_PRICE,SEAT_STATUS,SHOW_ID) VALUES (9001,200,'Available',1009);
INSERT INTO LPU_MOVIE_SEAT(SEAT_ID,SEAT_PRICE,SEAT_STATUS,SHOW_ID) VALUES (9002,200,'Available',1009);
INSERT INTO LPU_MOVIE_SEAT(SEAT_ID,SEAT_PRICE,SEAT_STATUS,SHOW_ID) VALUES (9003,200,'Available',1009);
INSERT INTO LPU_MOVIE_SEAT(SEAT_ID,SEAT_PRICE,SEAT_STATUS,SHOW_ID) VALUES (9004,200,'Available',1009);
INSERT INTO LPU_MOVIE_SEAT(SEAT_ID,SEAT_PRICE,SEAT_STATUS,SHOW_ID) VALUES (9005,200,'Available',1009);
INSERT INTO LPU_MOVIE_SEAT(SEAT_ID,SEAT_PRICE,SEAT_STATUS,SHOW_ID) VALUES (9006,200,'Available',1009);
INSERT INTO LPU_MOVIE_SEAT(SEAT_ID,SEAT_PRICE,SEAT_STATUS,SHOW_ID) VALUES (9007,200,'Available',1009);
INSERT INTO LPU_MOVIE_SEAT(SEAT_ID,SEAT_PRICE,SEAT_STATUS,SHOW_ID) VALUES (9008,200,'Available',1009);
INSERT INTO LPU_MOVIE_SEAT(SEAT_ID,SEAT_PRICE,SEAT_STATUS,SHOW_ID) VALUES (9009,200,'Available',1009);
INSERT INTO LPU_MOVIE_SEAT(SEAT_ID,SEAT_PRICE,SEAT_STATUS,SHOW_ID) VALUES (9010,200,'Available',1009);
INSERT INTO LPU_MOVIE_SEAT(SEAT_ID,SEAT_PRICE,SEAT_STATUS,SHOW_ID) VALUES (9011,200,'Available',1009);
INSERT INTO LPU_MOVIE_SEAT(SEAT_ID,SEAT_PRICE,SEAT_STATUS,SHOW_ID) VALUES (9012,200,'Available',1009);
INSERT INTO LPU_MOVIE_SEAT(SEAT_ID,SEAT_PRICE,SEAT_STATUS,SHOW_ID) VALUES (9013,200,'Available',1009);
INSERT INTO LPU_MOVIE_SEAT(SEAT_ID,SEAT_PRICE,SEAT_STATUS,SHOW_ID) VALUES (9014,200,'Available',1009);
INSERT INTO LPU_MOVIE_SEAT(SEAT_ID,SEAT_PRICE,SEAT_STATUS,SHOW_ID) VALUES (9015,200,'Available',1009);
INSERT INTO LPU_MOVIE_SEAT(SEAT_ID,SEAT_PRICE,SEAT_STATUS,SHOW_ID) VALUES (9016,200,'Available',1009);
INSERT INTO LPU_MOVIE_SEAT(SEAT_ID,SEAT_PRICE,SEAT_STATUS,SHOW_ID) VALUES (9017,200,'Available',1009);
INSERT INTO LPU_MOVIE_SEAT(SEAT_ID,SEAT_PRICE,SEAT_STATUS,SHOW_ID) VALUES (9018,200,'Available',1009);
INSERT INTO LPU_MOVIE_SEAT(SEAT_ID,SEAT_PRICE,SEAT_STATUS,SHOW_ID) VALUES (9019,200,'Available',1009);
INSERT INTO LPU_MOVIE_SEAT(SEAT_ID,SEAT_PRICE,SEAT_STATUS,SHOW_ID) VALUES (9020,200,'Available',1009);
INSERT INTO LPU_MOVIE_SEAT(SEAT_ID,SEAT_PRICE,SEAT_STATUS,SHOW_ID) VALUES (9021,200,'Available',1009);
INSERT INTO LPU_MOVIE_SEAT(SEAT_ID,SEAT_PRICE,SEAT_STATUS,SHOW_ID) VALUES (9022,200,'Available',1009);
INSERT INTO LPU_MOVIE_SEAT(SEAT_ID,SEAT_PRICE,SEAT_STATUS,SHOW_ID) VALUES (9023,200,'Available',1009);
INSERT INTO LPU_MOVIE_SEAT(SEAT_ID,SEAT_PRICE,SEAT_STATUS,SHOW_ID) VALUES (9024,200,'Available',1009);
INSERT INTO LPU_MOVIE_SEAT(SEAT_ID,SEAT_PRICE,SEAT_STATUS,SHOW_ID) VALUES (9025,200,'Available',1009);
INSERT INTO LPU_MOVIE_SEAT(SEAT_ID,SEAT_PRICE,SEAT_STATUS,SHOW_ID) VALUES (9026,200,'Available',1009);
INSERT INTO LPU_MOVIE_SEAT(SEAT_ID,SEAT_PRICE,SEAT_STATUS,SHOW_ID) VALUES (9027,200,'Available',1009);
INSERT INTO LPU_MOVIE_SEAT(SEAT_ID,SEAT_PRICE,SEAT_STATUS,SHOW_ID) VALUES (9028,200,'Available',1009);
INSERT INTO LPU_MOVIE_SEAT(SEAT_ID,SEAT_PRICE,SEAT_STATUS,SHOW_ID) VALUES (9029,200,'Available',1009);
INSERT INTO LPU_MOVIE_SEAT(SEAT_ID,SEAT_PRICE,SEAT_STATUS,SHOW_ID) VALUES (9030,200,'Available',1009);
INSERT INTO LPU_MOVIE_SEAT(SEAT_ID,SEAT_PRICE,SEAT_STATUS,SHOW_ID) VALUES (9031,200,'Available',1009);
INSERT INTO LPU_MOVIE_SEAT(SEAT_ID,SEAT_PRICE,SEAT_STATUS,SHOW_ID) VALUES (9032,200,'Available',1009);
INSERT INTO LPU_MOVIE_SEAT(SEAT_ID,SEAT_PRICE,SEAT_STATUS,SHOW_ID) VALUES (9033,200,'Available',1009);
INSERT INTO LPU_MOVIE_SEAT(SEAT_ID,SEAT_PRICE,SEAT_STATUS,SHOW_ID) VALUES (9034,200,'Available',1009);
INSERT INTO LPU_MOVIE_SEAT(SEAT_ID,SEAT_PRICE,SEAT_STATUS,SHOW_ID) VALUES (9035,200,'Available',1009);
INSERT INTO LPU_MOVIE_SEAT(SEAT_ID,SEAT_PRICE,SEAT_STATUS,SHOW_ID) VALUES (9036,200,'Available',1009);


INSERT INTO LPU_MOVIE_SEAT(SEAT_ID,SEAT_PRICE,SEAT_STATUS,SHOW_ID) VALUES (10001,200,'Available',1010);
INSERT INTO LPU_MOVIE_SEAT(SEAT_ID,SEAT_PRICE,SEAT_STATUS,SHOW_ID) VALUES (10002,200,'Available',1010);
INSERT INTO LPU_MOVIE_SEAT(SEAT_ID,SEAT_PRICE,SEAT_STATUS,SHOW_ID) VALUES (10003,200,'Available',1010);
INSERT INTO LPU_MOVIE_SEAT(SEAT_ID,SEAT_PRICE,SEAT_STATUS,SHOW_ID) VALUES (10004,200,'Available',1010);
INSERT INTO LPU_MOVIE_SEAT(SEAT_ID,SEAT_PRICE,SEAT_STATUS,SHOW_ID) VALUES (10005,200,'Available',1010);
INSERT INTO LPU_MOVIE_SEAT(SEAT_ID,SEAT_PRICE,SEAT_STATUS,SHOW_ID) VALUES (10006,200,'Available',1010);
INSERT INTO LPU_MOVIE_SEAT(SEAT_ID,SEAT_PRICE,SEAT_STATUS,SHOW_ID) VALUES (10007,200,'Available',1010);
INSERT INTO LPU_MOVIE_SEAT(SEAT_ID,SEAT_PRICE,SEAT_STATUS,SHOW_ID) VALUES (10008,200,'Available',1010);
INSERT INTO LPU_MOVIE_SEAT(SEAT_ID,SEAT_PRICE,SEAT_STATUS,SHOW_ID) VALUES (10009,200,'Available',1010);
INSERT INTO LPU_MOVIE_SEAT(SEAT_ID,SEAT_PRICE,SEAT_STATUS,SHOW_ID) VALUES (10010,200,'Available',1010);
INSERT INTO LPU_MOVIE_SEAT(SEAT_ID,SEAT_PRICE,SEAT_STATUS,SHOW_ID) VALUES (10011,200,'Available',1010);
INSERT INTO LPU_MOVIE_SEAT(SEAT_ID,SEAT_PRICE,SEAT_STATUS,SHOW_ID) VALUES (10012,200,'Available',1010);
INSERT INTO LPU_MOVIE_SEAT(SEAT_ID,SEAT_PRICE,SEAT_STATUS,SHOW_ID) VALUES (10013,200,'Available',1010);
INSERT INTO LPU_MOVIE_SEAT(SEAT_ID,SEAT_PRICE,SEAT_STATUS,SHOW_ID) VALUES (10014,200,'Available',1010);
INSERT INTO LPU_MOVIE_SEAT(SEAT_ID,SEAT_PRICE,SEAT_STATUS,SHOW_ID) VALUES (10015,200,'Available',1010);
INSERT INTO LPU_MOVIE_SEAT(SEAT_ID,SEAT_PRICE,SEAT_STATUS,SHOW_ID) VALUES (10016,200,'Available',1010);
INSERT INTO LPU_MOVIE_SEAT(SEAT_ID,SEAT_PRICE,SEAT_STATUS,SHOW_ID) VALUES (10017,200,'Available',1010);
INSERT INTO LPU_MOVIE_SEAT(SEAT_ID,SEAT_PRICE,SEAT_STATUS,SHOW_ID) VALUES (10018,200,'Available',1010);
INSERT INTO LPU_MOVIE_SEAT(SEAT_ID,SEAT_PRICE,SEAT_STATUS,SHOW_ID) VALUES (10019,200,'Available',1010);
INSERT INTO LPU_MOVIE_SEAT(SEAT_ID,SEAT_PRICE,SEAT_STATUS,SHOW_ID) VALUES (10020,200,'Available',1010);
INSERT INTO LPU_MOVIE_SEAT(SEAT_ID,SEAT_PRICE,SEAT_STATUS,SHOW_ID) VALUES (10021,200,'Available',1010);
INSERT INTO LPU_MOVIE_SEAT(SEAT_ID,SEAT_PRICE,SEAT_STATUS,SHOW_ID) VALUES (10022,200,'Available',1010);
INSERT INTO LPU_MOVIE_SEAT(SEAT_ID,SEAT_PRICE,SEAT_STATUS,SHOW_ID) VALUES (10023,200,'Available',1010);
INSERT INTO LPU_MOVIE_SEAT(SEAT_ID,SEAT_PRICE,SEAT_STATUS,SHOW_ID) VALUES (10024,200,'Available',1010);
INSERT INTO LPU_MOVIE_SEAT(SEAT_ID,SEAT_PRICE,SEAT_STATUS,SHOW_ID) VALUES (10025,200,'Available',1010);
INSERT INTO LPU_MOVIE_SEAT(SEAT_ID,SEAT_PRICE,SEAT_STATUS,SHOW_ID) VALUES (10026,200,'Available',1010);
INSERT INTO LPU_MOVIE_SEAT(SEAT_ID,SEAT_PRICE,SEAT_STATUS,SHOW_ID) VALUES (10027,200,'Available',1010);
INSERT INTO LPU_MOVIE_SEAT(SEAT_ID,SEAT_PRICE,SEAT_STATUS,SHOW_ID) VALUES (10028,200,'Available',1010);
INSERT INTO LPU_MOVIE_SEAT(SEAT_ID,SEAT_PRICE,SEAT_STATUS,SHOW_ID) VALUES (10029,200,'Available',1010);
INSERT INTO LPU_MOVIE_SEAT(SEAT_ID,SEAT_PRICE,SEAT_STATUS,SHOW_ID) VALUES (10030,200,'Available',1010);
INSERT INTO LPU_MOVIE_SEAT(SEAT_ID,SEAT_PRICE,SEAT_STATUS,SHOW_ID) VALUES (10031,200,'Available',1010);
INSERT INTO LPU_MOVIE_SEAT(SEAT_ID,SEAT_PRICE,SEAT_STATUS,SHOW_ID) VALUES (10032,200,'Available',1010);
INSERT INTO LPU_MOVIE_SEAT(SEAT_ID,SEAT_PRICE,SEAT_STATUS,SHOW_ID) VALUES (10033,200,'Available',1010);
INSERT INTO LPU_MOVIE_SEAT(SEAT_ID,SEAT_PRICE,SEAT_STATUS,SHOW_ID) VALUES (10034,200,'Available',1010);
INSERT INTO LPU_MOVIE_SEAT(SEAT_ID,SEAT_PRICE,SEAT_STATUS,SHOW_ID) VALUES (10035,200,'Available',1010);
INSERT INTO LPU_MOVIE_SEAT(SEAT_ID,SEAT_PRICE,SEAT_STATUS,SHOW_ID) VALUES (10036,200,'Available',1010);


INSERT INTO LPU_MOVIE_SEAT(SEAT_ID,SEAT_PRICE,SEAT_STATUS,SHOW_ID) VALUES (11001,200,'Available',1011);
INSERT INTO LPU_MOVIE_SEAT(SEAT_ID,SEAT_PRICE,SEAT_STATUS,SHOW_ID) VALUES (11002,200,'Available',1011);
INSERT INTO LPU_MOVIE_SEAT(SEAT_ID,SEAT_PRICE,SEAT_STATUS,SHOW_ID) VALUES (11003,200,'Available',1011);
INSERT INTO LPU_MOVIE_SEAT(SEAT_ID,SEAT_PRICE,SEAT_STATUS,SHOW_ID) VALUES (11004,200,'Available',1011);
INSERT INTO LPU_MOVIE_SEAT(SEAT_ID,SEAT_PRICE,SEAT_STATUS,SHOW_ID) VALUES (11005,200,'Available',1011);
INSERT INTO LPU_MOVIE_SEAT(SEAT_ID,SEAT_PRICE,SEAT_STATUS,SHOW_ID) VALUES (11006,200,'Available',1011);
INSERT INTO LPU_MOVIE_SEAT(SEAT_ID,SEAT_PRICE,SEAT_STATUS,SHOW_ID) VALUES (11007,200,'Available',1011);
INSERT INTO LPU_MOVIE_SEAT(SEAT_ID,SEAT_PRICE,SEAT_STATUS,SHOW_ID) VALUES (11008,200,'Available',1011);
INSERT INTO LPU_MOVIE_SEAT(SEAT_ID,SEAT_PRICE,SEAT_STATUS,SHOW_ID) VALUES (11009,200,'Available',1011);
INSERT INTO LPU_MOVIE_SEAT(SEAT_ID,SEAT_PRICE,SEAT_STATUS,SHOW_ID) VALUES (11010,200,'Available',1011);
INSERT INTO LPU_MOVIE_SEAT(SEAT_ID,SEAT_PRICE,SEAT_STATUS,SHOW_ID) VALUES (11011,200,'Available',1011);
INSERT INTO LPU_MOVIE_SEAT(SEAT_ID,SEAT_PRICE,SEAT_STATUS,SHOW_ID) VALUES (11012,200,'Available',1011);
INSERT INTO LPU_MOVIE_SEAT(SEAT_ID,SEAT_PRICE,SEAT_STATUS,SHOW_ID) VALUES (11013,200,'Available',1011);
INSERT INTO LPU_MOVIE_SEAT(SEAT_ID,SEAT_PRICE,SEAT_STATUS,SHOW_ID) VALUES (11014,200,'Available',1011);
INSERT INTO LPU_MOVIE_SEAT(SEAT_ID,SEAT_PRICE,SEAT_STATUS,SHOW_ID) VALUES (11015,200,'Available',1011);
INSERT INTO LPU_MOVIE_SEAT(SEAT_ID,SEAT_PRICE,SEAT_STATUS,SHOW_ID) VALUES (11016,200,'Available',1011);
INSERT INTO LPU_MOVIE_SEAT(SEAT_ID,SEAT_PRICE,SEAT_STATUS,SHOW_ID) VALUES (11017,200,'Available',1011);
INSERT INTO LPU_MOVIE_SEAT(SEAT_ID,SEAT_PRICE,SEAT_STATUS,SHOW_ID) VALUES (11018,200,'Available',1011);
INSERT INTO LPU_MOVIE_SEAT(SEAT_ID,SEAT_PRICE,SEAT_STATUS,SHOW_ID) VALUES (11019,200,'Available',1011);
INSERT INTO LPU_MOVIE_SEAT(SEAT_ID,SEAT_PRICE,SEAT_STATUS,SHOW_ID) VALUES (11020,200,'Available',1011);
INSERT INTO LPU_MOVIE_SEAT(SEAT_ID,SEAT_PRICE,SEAT_STATUS,SHOW_ID) VALUES (11021,200,'Available',1011);
INSERT INTO LPU_MOVIE_SEAT(SEAT_ID,SEAT_PRICE,SEAT_STATUS,SHOW_ID) VALUES (11022,200,'Available',1011);
INSERT INTO LPU_MOVIE_SEAT(SEAT_ID,SEAT_PRICE,SEAT_STATUS,SHOW_ID) VALUES (11023,200,'Available',1011);
INSERT INTO LPU_MOVIE_SEAT(SEAT_ID,SEAT_PRICE,SEAT_STATUS,SHOW_ID) VALUES (11024,200,'Available',1011);
INSERT INTO LPU_MOVIE_SEAT(SEAT_ID,SEAT_PRICE,SEAT_STATUS,SHOW_ID) VALUES (11025,200,'Available',1011);
INSERT INTO LPU_MOVIE_SEAT(SEAT_ID,SEAT_PRICE,SEAT_STATUS,SHOW_ID) VALUES (11026,200,'Available',1011);
INSERT INTO LPU_MOVIE_SEAT(SEAT_ID,SEAT_PRICE,SEAT_STATUS,SHOW_ID) VALUES (11027,200,'Available',1011);
INSERT INTO LPU_MOVIE_SEAT(SEAT_ID,SEAT_PRICE,SEAT_STATUS,SHOW_ID) VALUES (11028,200,'Available',1011);
INSERT INTO LPU_MOVIE_SEAT(SEAT_ID,SEAT_PRICE,SEAT_STATUS,SHOW_ID) VALUES (11029,200,'Available',1011);
INSERT INTO LPU_MOVIE_SEAT(SEAT_ID,SEAT_PRICE,SEAT_STATUS,SHOW_ID) VALUES (11030,200,'Available',1011);
INSERT INTO LPU_MOVIE_SEAT(SEAT_ID,SEAT_PRICE,SEAT_STATUS,SHOW_ID) VALUES (11031,200,'Available',1011);
INSERT INTO LPU_MOVIE_SEAT(SEAT_ID,SEAT_PRICE,SEAT_STATUS,SHOW_ID) VALUES (11032,200,'Available',1011);
INSERT INTO LPU_MOVIE_SEAT(SEAT_ID,SEAT_PRICE,SEAT_STATUS,SHOW_ID) VALUES (11033,200,'Available',1011);
INSERT INTO LPU_MOVIE_SEAT(SEAT_ID,SEAT_PRICE,SEAT_STATUS,SHOW_ID) VALUES (11034,200,'Available',1011);
INSERT INTO LPU_MOVIE_SEAT(SEAT_ID,SEAT_PRICE,SEAT_STATUS,SHOW_ID) VALUES (11035,200,'Available',1011);
INSERT INTO LPU_MOVIE_SEAT(SEAT_ID,SEAT_PRICE,SEAT_STATUS,SHOW_ID) VALUES (11036,200,'Available',1011);



INSERT INTO LPU_MOVIE_SEAT(SEAT_ID,SEAT_PRICE,SEAT_STATUS,SHOW_ID) VALUES (12001,200,'Available',1012);
INSERT INTO LPU_MOVIE_SEAT(SEAT_ID,SEAT_PRICE,SEAT_STATUS,SHOW_ID) VALUES (12002,200,'Available',1012);
INSERT INTO LPU_MOVIE_SEAT(SEAT_ID,SEAT_PRICE,SEAT_STATUS,SHOW_ID) VALUES (12003,200,'Available',1012);
INSERT INTO LPU_MOVIE_SEAT(SEAT_ID,SEAT_PRICE,SEAT_STATUS,SHOW_ID) VALUES (12004,200,'Available',1012);
INSERT INTO LPU_MOVIE_SEAT(SEAT_ID,SEAT_PRICE,SEAT_STATUS,SHOW_ID) VALUES (12005,200,'Available',1012);
INSERT INTO LPU_MOVIE_SEAT(SEAT_ID,SEAT_PRICE,SEAT_STATUS,SHOW_ID) VALUES (12006,200,'Available',1012);
INSERT INTO LPU_MOVIE_SEAT(SEAT_ID,SEAT_PRICE,SEAT_STATUS,SHOW_ID) VALUES (12007,200,'Available',1012);
INSERT INTO LPU_MOVIE_SEAT(SEAT_ID,SEAT_PRICE,SEAT_STATUS,SHOW_ID) VALUES (12008,200,'Available',1012);
INSERT INTO LPU_MOVIE_SEAT(SEAT_ID,SEAT_PRICE,SEAT_STATUS,SHOW_ID) VALUES (12009,200,'Available',1012);
INSERT INTO LPU_MOVIE_SEAT(SEAT_ID,SEAT_PRICE,SEAT_STATUS,SHOW_ID) VALUES (12010,200,'Available',1012);
INSERT INTO LPU_MOVIE_SEAT(SEAT_ID,SEAT_PRICE,SEAT_STATUS,SHOW_ID) VALUES (12011,200,'Available',1012);
INSERT INTO LPU_MOVIE_SEAT(SEAT_ID,SEAT_PRICE,SEAT_STATUS,SHOW_ID) VALUES (12012,200,'Available',1012);
INSERT INTO LPU_MOVIE_SEAT(SEAT_ID,SEAT_PRICE,SEAT_STATUS,SHOW_ID) VALUES (12013,200,'Available',1012);
INSERT INTO LPU_MOVIE_SEAT(SEAT_ID,SEAT_PRICE,SEAT_STATUS,SHOW_ID) VALUES (12014,200,'Available',1012);
INSERT INTO LPU_MOVIE_SEAT(SEAT_ID,SEAT_PRICE,SEAT_STATUS,SHOW_ID) VALUES (12015,200,'Available',1012);
INSERT INTO LPU_MOVIE_SEAT(SEAT_ID,SEAT_PRICE,SEAT_STATUS,SHOW_ID) VALUES (12016,200,'Available',1012);
INSERT INTO LPU_MOVIE_SEAT(SEAT_ID,SEAT_PRICE,SEAT_STATUS,SHOW_ID) VALUES (12017,200,'Available',1012);
INSERT INTO LPU_MOVIE_SEAT(SEAT_ID,SEAT_PRICE,SEAT_STATUS,SHOW_ID) VALUES (12018,200,'Available',1012);
INSERT INTO LPU_MOVIE_SEAT(SEAT_ID,SEAT_PRICE,SEAT_STATUS,SHOW_ID) VALUES (12019,200,'Available',1012);
INSERT INTO LPU_MOVIE_SEAT(SEAT_ID,SEAT_PRICE,SEAT_STATUS,SHOW_ID) VALUES (12020,200,'Available',1012);
INSERT INTO LPU_MOVIE_SEAT(SEAT_ID,SEAT_PRICE,SEAT_STATUS,SHOW_ID) VALUES (12021,200,'Available',1012);
INSERT INTO LPU_MOVIE_SEAT(SEAT_ID,SEAT_PRICE,SEAT_STATUS,SHOW_ID) VALUES (12022,200,'Available',1012);
INSERT INTO LPU_MOVIE_SEAT(SEAT_ID,SEAT_PRICE,SEAT_STATUS,SHOW_ID) VALUES (12023,200,'Available',1012);
INSERT INTO LPU_MOVIE_SEAT(SEAT_ID,SEAT_PRICE,SEAT_STATUS,SHOW_ID) VALUES (12024,200,'Available',1012);
INSERT INTO LPU_MOVIE_SEAT(SEAT_ID,SEAT_PRICE,SEAT_STATUS,SHOW_ID) VALUES (12025,200,'Available',1012);
INSERT INTO LPU_MOVIE_SEAT(SEAT_ID,SEAT_PRICE,SEAT_STATUS,SHOW_ID) VALUES (12026,200,'Available',1012);
INSERT INTO LPU_MOVIE_SEAT(SEAT_ID,SEAT_PRICE,SEAT_STATUS,SHOW_ID) VALUES (12027,200,'Available',1012);
INSERT INTO LPU_MOVIE_SEAT(SEAT_ID,SEAT_PRICE,SEAT_STATUS,SHOW_ID) VALUES (12028,200,'Available',1012);
INSERT INTO LPU_MOVIE_SEAT(SEAT_ID,SEAT_PRICE,SEAT_STATUS,SHOW_ID) VALUES (12029,200,'Available',1012);
INSERT INTO LPU_MOVIE_SEAT(SEAT_ID,SEAT_PRICE,SEAT_STATUS,SHOW_ID) VALUES (12030,200,'Available',1012);
INSERT INTO LPU_MOVIE_SEAT(SEAT_ID,SEAT_PRICE,SEAT_STATUS,SHOW_ID) VALUES (12031,200,'Available',1012);
INSERT INTO LPU_MOVIE_SEAT(SEAT_ID,SEAT_PRICE,SEAT_STATUS,SHOW_ID) VALUES (12032,200,'Available',1012);
INSERT INTO LPU_MOVIE_SEAT(SEAT_ID,SEAT_PRICE,SEAT_STATUS,SHOW_ID) VALUES (12033,200,'Available',1012);
INSERT INTO LPU_MOVIE_SEAT(SEAT_ID,SEAT_PRICE,SEAT_STATUS,SHOW_ID) VALUES (12034,200,'Available',1012);
INSERT INTO LPU_MOVIE_SEAT(SEAT_ID,SEAT_PRICE,SEAT_STATUS,SHOW_ID) VALUES (12035,200,'Available',1012);
INSERT INTO LPU_MOVIE_SEAT(SEAT_ID,SEAT_PRICE,SEAT_STATUS,SHOW_ID) VALUES (12036,200,'Available',1012);




INSERT INTO LPU_MOVIE_SEAT(SEAT_ID,SEAT_PRICE,SEAT_STATUS,SHOW_ID) VALUES (13001,200,'Available',1013);
INSERT INTO LPU_MOVIE_SEAT(SEAT_ID,SEAT_PRICE,SEAT_STATUS,SHOW_ID) VALUES (13002,200,'Available',1013);
INSERT INTO LPU_MOVIE_SEAT(SEAT_ID,SEAT_PRICE,SEAT_STATUS,SHOW_ID) VALUES (13003,200,'Available',1013);
INSERT INTO LPU_MOVIE_SEAT(SEAT_ID,SEAT_PRICE,SEAT_STATUS,SHOW_ID) VALUES (13004,200,'Available',1013);
INSERT INTO LPU_MOVIE_SEAT(SEAT_ID,SEAT_PRICE,SEAT_STATUS,SHOW_ID) VALUES (13005,200,'Available',1013);
INSERT INTO LPU_MOVIE_SEAT(SEAT_ID,SEAT_PRICE,SEAT_STATUS,SHOW_ID) VALUES (13006,200,'Available',1013);
INSERT INTO LPU_MOVIE_SEAT(SEAT_ID,SEAT_PRICE,SEAT_STATUS,SHOW_ID) VALUES (13007,200,'Available',1013);
INSERT INTO LPU_MOVIE_SEAT(SEAT_ID,SEAT_PRICE,SEAT_STATUS,SHOW_ID) VALUES (13008,200,'Available',1013);
INSERT INTO LPU_MOVIE_SEAT(SEAT_ID,SEAT_PRICE,SEAT_STATUS,SHOW_ID) VALUES (13009,200,'Available',1013);
INSERT INTO LPU_MOVIE_SEAT(SEAT_ID,SEAT_PRICE,SEAT_STATUS,SHOW_ID) VALUES (13010,200,'Available',1013);
INSERT INTO LPU_MOVIE_SEAT(SEAT_ID,SEAT_PRICE,SEAT_STATUS,SHOW_ID) VALUES (13011,200,'Available',1013);
INSERT INTO LPU_MOVIE_SEAT(SEAT_ID,SEAT_PRICE,SEAT_STATUS,SHOW_ID) VALUES (13012,200,'Available',1013);
INSERT INTO LPU_MOVIE_SEAT(SEAT_ID,SEAT_PRICE,SEAT_STATUS,SHOW_ID) VALUES (13013,200,'Available',1013);
INSERT INTO LPU_MOVIE_SEAT(SEAT_ID,SEAT_PRICE,SEAT_STATUS,SHOW_ID) VALUES (13014,200,'Available',1013);
INSERT INTO LPU_MOVIE_SEAT(SEAT_ID,SEAT_PRICE,SEAT_STATUS,SHOW_ID) VALUES (13015,200,'Available',1013);
INSERT INTO LPU_MOVIE_SEAT(SEAT_ID,SEAT_PRICE,SEAT_STATUS,SHOW_ID) VALUES (13016,200,'Available',1013);
INSERT INTO LPU_MOVIE_SEAT(SEAT_ID,SEAT_PRICE,SEAT_STATUS,SHOW_ID) VALUES (13017,200,'Available',1013);
INSERT INTO LPU_MOVIE_SEAT(SEAT_ID,SEAT_PRICE,SEAT_STATUS,SHOW_ID) VALUES (13018,200,'Available',1013);
INSERT INTO LPU_MOVIE_SEAT(SEAT_ID,SEAT_PRICE,SEAT_STATUS,SHOW_ID) VALUES (13019,200,'Available',1013);
INSERT INTO LPU_MOVIE_SEAT(SEAT_ID,SEAT_PRICE,SEAT_STATUS,SHOW_ID) VALUES (13020,200,'Available',1013);
INSERT INTO LPU_MOVIE_SEAT(SEAT_ID,SEAT_PRICE,SEAT_STATUS,SHOW_ID) VALUES (13021,200,'Available',1013);
INSERT INTO LPU_MOVIE_SEAT(SEAT_ID,SEAT_PRICE,SEAT_STATUS,SHOW_ID) VALUES (13022,200,'Available',1013);
INSERT INTO LPU_MOVIE_SEAT(SEAT_ID,SEAT_PRICE,SEAT_STATUS,SHOW_ID) VALUES (13023,200,'Available',1013);
INSERT INTO LPU_MOVIE_SEAT(SEAT_ID,SEAT_PRICE,SEAT_STATUS,SHOW_ID) VALUES (13024,200,'Available',1013);
INSERT INTO LPU_MOVIE_SEAT(SEAT_ID,SEAT_PRICE,SEAT_STATUS,SHOW_ID) VALUES (13025,200,'Available',1013);
INSERT INTO LPU_MOVIE_SEAT(SEAT_ID,SEAT_PRICE,SEAT_STATUS,SHOW_ID) VALUES (13026,200,'Available',1013);
INSERT INTO LPU_MOVIE_SEAT(SEAT_ID,SEAT_PRICE,SEAT_STATUS,SHOW_ID) VALUES (13027,200,'Available',1013);
INSERT INTO LPU_MOVIE_SEAT(SEAT_ID,SEAT_PRICE,SEAT_STATUS,SHOW_ID) VALUES (13028,200,'Available',1013);
INSERT INTO LPU_MOVIE_SEAT(SEAT_ID,SEAT_PRICE,SEAT_STATUS,SHOW_ID) VALUES (13029,200,'Available',1013);
INSERT INTO LPU_MOVIE_SEAT(SEAT_ID,SEAT_PRICE,SEAT_STATUS,SHOW_ID) VALUES (13030,200,'Available',1013);
INSERT INTO LPU_MOVIE_SEAT(SEAT_ID,SEAT_PRICE,SEAT_STATUS,SHOW_ID) VALUES (13031,200,'Available',1013);
INSERT INTO LPU_MOVIE_SEAT(SEAT_ID,SEAT_PRICE,SEAT_STATUS,SHOW_ID) VALUES (13032,200,'Available',1013);
INSERT INTO LPU_MOVIE_SEAT(SEAT_ID,SEAT_PRICE,SEAT_STATUS,SHOW_ID) VALUES (13033,200,'Available',1013);
INSERT INTO LPU_MOVIE_SEAT(SEAT_ID,SEAT_PRICE,SEAT_STATUS,SHOW_ID) VALUES (13034,200,'Available',1013);
INSERT INTO LPU_MOVIE_SEAT(SEAT_ID,SEAT_PRICE,SEAT_STATUS,SHOW_ID) VALUES (13035,200,'Available',1013);
INSERT INTO LPU_MOVIE_SEAT(SEAT_ID,SEAT_PRICE,SEAT_STATUS,SHOW_ID) VALUES (13036,200,'Available',1013);


INSERT INTO LPU_MOVIE_SEAT(SEAT_ID,SEAT_PRICE,SEAT_STATUS,SHOW_ID) VALUES (14001,200,'Available',1014);
INSERT INTO LPU_MOVIE_SEAT(SEAT_ID,SEAT_PRICE,SEAT_STATUS,SHOW_ID) VALUES (14002,200,'Available',1014);
INSERT INTO LPU_MOVIE_SEAT(SEAT_ID,SEAT_PRICE,SEAT_STATUS,SHOW_ID) VALUES (14003,200,'Available',1014);
INSERT INTO LPU_MOVIE_SEAT(SEAT_ID,SEAT_PRICE,SEAT_STATUS,SHOW_ID) VALUES (14004,200,'Available',1014);
INSERT INTO LPU_MOVIE_SEAT(SEAT_ID,SEAT_PRICE,SEAT_STATUS,SHOW_ID) VALUES (14005,200,'Available',1014);
INSERT INTO LPU_MOVIE_SEAT(SEAT_ID,SEAT_PRICE,SEAT_STATUS,SHOW_ID) VALUES (14006,200,'Available',1014);
INSERT INTO LPU_MOVIE_SEAT(SEAT_ID,SEAT_PRICE,SEAT_STATUS,SHOW_ID) VALUES (14007,200,'Available',1014);
INSERT INTO LPU_MOVIE_SEAT(SEAT_ID,SEAT_PRICE,SEAT_STATUS,SHOW_ID) VALUES (14008,200,'Available',1014);
INSERT INTO LPU_MOVIE_SEAT(SEAT_ID,SEAT_PRICE,SEAT_STATUS,SHOW_ID) VALUES (14009,200,'Available',1014);
INSERT INTO LPU_MOVIE_SEAT(SEAT_ID,SEAT_PRICE,SEAT_STATUS,SHOW_ID) VALUES (14010,200,'Available',1014);
INSERT INTO LPU_MOVIE_SEAT(SEAT_ID,SEAT_PRICE,SEAT_STATUS,SHOW_ID) VALUES (14011,200,'Available',1014);
INSERT INTO LPU_MOVIE_SEAT(SEAT_ID,SEAT_PRICE,SEAT_STATUS,SHOW_ID) VALUES (14012,200,'Available',1014);
INSERT INTO LPU_MOVIE_SEAT(SEAT_ID,SEAT_PRICE,SEAT_STATUS,SHOW_ID) VALUES (14013,200,'Available',1014);
INSERT INTO LPU_MOVIE_SEAT(SEAT_ID,SEAT_PRICE,SEAT_STATUS,SHOW_ID) VALUES (14014,200,'Available',1014);
INSERT INTO LPU_MOVIE_SEAT(SEAT_ID,SEAT_PRICE,SEAT_STATUS,SHOW_ID) VALUES (14015,200,'Available',1014);
INSERT INTO LPU_MOVIE_SEAT(SEAT_ID,SEAT_PRICE,SEAT_STATUS,SHOW_ID) VALUES (14016,200,'Available',1014);
INSERT INTO LPU_MOVIE_SEAT(SEAT_ID,SEAT_PRICE,SEAT_STATUS,SHOW_ID) VALUES (14017,200,'Available',1014);
INSERT INTO LPU_MOVIE_SEAT(SEAT_ID,SEAT_PRICE,SEAT_STATUS,SHOW_ID) VALUES (14018,200,'Available',1014);
INSERT INTO LPU_MOVIE_SEAT(SEAT_ID,SEAT_PRICE,SEAT_STATUS,SHOW_ID) VALUES (14019,200,'Available',1014);
INSERT INTO LPU_MOVIE_SEAT(SEAT_ID,SEAT_PRICE,SEAT_STATUS,SHOW_ID) VALUES (14020,200,'Available',1014);
INSERT INTO LPU_MOVIE_SEAT(SEAT_ID,SEAT_PRICE,SEAT_STATUS,SHOW_ID) VALUES (14021,200,'Available',1014);
INSERT INTO LPU_MOVIE_SEAT(SEAT_ID,SEAT_PRICE,SEAT_STATUS,SHOW_ID) VALUES (14022,200,'Available',1014);
INSERT INTO LPU_MOVIE_SEAT(SEAT_ID,SEAT_PRICE,SEAT_STATUS,SHOW_ID) VALUES (14023,200,'Available',1014);
INSERT INTO LPU_MOVIE_SEAT(SEAT_ID,SEAT_PRICE,SEAT_STATUS,SHOW_ID) VALUES (14024,200,'Available',1014);
INSERT INTO LPU_MOVIE_SEAT(SEAT_ID,SEAT_PRICE,SEAT_STATUS,SHOW_ID) VALUES (14025,200,'Available',1014);
INSERT INTO LPU_MOVIE_SEAT(SEAT_ID,SEAT_PRICE,SEAT_STATUS,SHOW_ID) VALUES (14026,200,'Available',1014);
INSERT INTO LPU_MOVIE_SEAT(SEAT_ID,SEAT_PRICE,SEAT_STATUS,SHOW_ID) VALUES (14027,200,'Available',1014);
INSERT INTO LPU_MOVIE_SEAT(SEAT_ID,SEAT_PRICE,SEAT_STATUS,SHOW_ID) VALUES (14028,200,'Available',1014);
INSERT INTO LPU_MOVIE_SEAT(SEAT_ID,SEAT_PRICE,SEAT_STATUS,SHOW_ID) VALUES (14029,200,'Available',1014);
INSERT INTO LPU_MOVIE_SEAT(SEAT_ID,SEAT_PRICE,SEAT_STATUS,SHOW_ID) VALUES (14030,200,'Available',1014);
INSERT INTO LPU_MOVIE_SEAT(SEAT_ID,SEAT_PRICE,SEAT_STATUS,SHOW_ID) VALUES (14031,200,'Available',1014);
INSERT INTO LPU_MOVIE_SEAT(SEAT_ID,SEAT_PRICE,SEAT_STATUS,SHOW_ID) VALUES (14032,200,'Available',1014);
INSERT INTO LPU_MOVIE_SEAT(SEAT_ID,SEAT_PRICE,SEAT_STATUS,SHOW_ID) VALUES (14033,200,'Available',1014);
INSERT INTO LPU_MOVIE_SEAT(SEAT_ID,SEAT_PRICE,SEAT_STATUS,SHOW_ID) VALUES (14034,200,'Available',1014);
INSERT INTO LPU_MOVIE_SEAT(SEAT_ID,SEAT_PRICE,SEAT_STATUS,SHOW_ID) VALUES (14035,200,'Available',1014);
INSERT INTO LPU_MOVIE_SEAT(SEAT_ID,SEAT_PRICE,SEAT_STATUS,SHOW_ID) VALUES (14036,200,'Available',1014);



INSERT INTO LPU_MOVIE_SEAT(SEAT_ID,SEAT_PRICE,SEAT_STATUS,SHOW_ID) VALUES (15001,200,'Available',1015);
INSERT INTO LPU_MOVIE_SEAT(SEAT_ID,SEAT_PRICE,SEAT_STATUS,SHOW_ID) VALUES (15002,200,'Available',1015);
INSERT INTO LPU_MOVIE_SEAT(SEAT_ID,SEAT_PRICE,SEAT_STATUS,SHOW_ID) VALUES (15003,200,'Available',1015);
INSERT INTO LPU_MOVIE_SEAT(SEAT_ID,SEAT_PRICE,SEAT_STATUS,SHOW_ID) VALUES (15004,200,'Available',1015);
INSERT INTO LPU_MOVIE_SEAT(SEAT_ID,SEAT_PRICE,SEAT_STATUS,SHOW_ID) VALUES (15005,200,'Available',1015);
INSERT INTO LPU_MOVIE_SEAT(SEAT_ID,SEAT_PRICE,SEAT_STATUS,SHOW_ID) VALUES (15006,200,'Available',1015);
INSERT INTO LPU_MOVIE_SEAT(SEAT_ID,SEAT_PRICE,SEAT_STATUS,SHOW_ID) VALUES (15007,200,'Available',1015);
INSERT INTO LPU_MOVIE_SEAT(SEAT_ID,SEAT_PRICE,SEAT_STATUS,SHOW_ID) VALUES (15008,200,'Available',1015);
INSERT INTO LPU_MOVIE_SEAT(SEAT_ID,SEAT_PRICE,SEAT_STATUS,SHOW_ID) VALUES (15009,200,'Available',1015);
INSERT INTO LPU_MOVIE_SEAT(SEAT_ID,SEAT_PRICE,SEAT_STATUS,SHOW_ID) VALUES (15010,200,'Available',1015);
INSERT INTO LPU_MOVIE_SEAT(SEAT_ID,SEAT_PRICE,SEAT_STATUS,SHOW_ID) VALUES (15011,200,'Available',1015);
INSERT INTO LPU_MOVIE_SEAT(SEAT_ID,SEAT_PRICE,SEAT_STATUS,SHOW_ID) VALUES (15012,200,'Available',1015);
INSERT INTO LPU_MOVIE_SEAT(SEAT_ID,SEAT_PRICE,SEAT_STATUS,SHOW_ID) VALUES (15013,200,'Available',1015);
INSERT INTO LPU_MOVIE_SEAT(SEAT_ID,SEAT_PRICE,SEAT_STATUS,SHOW_ID) VALUES (15014,200,'Available',1015);
INSERT INTO LPU_MOVIE_SEAT(SEAT_ID,SEAT_PRICE,SEAT_STATUS,SHOW_ID) VALUES (15015,200,'Available',1015);
INSERT INTO LPU_MOVIE_SEAT(SEAT_ID,SEAT_PRICE,SEAT_STATUS,SHOW_ID) VALUES (15016,200,'Available',1015);
INSERT INTO LPU_MOVIE_SEAT(SEAT_ID,SEAT_PRICE,SEAT_STATUS,SHOW_ID) VALUES (15017,200,'Available',1015);
INSERT INTO LPU_MOVIE_SEAT(SEAT_ID,SEAT_PRICE,SEAT_STATUS,SHOW_ID) VALUES (15018,200,'Available',1015);
INSERT INTO LPU_MOVIE_SEAT(SEAT_ID,SEAT_PRICE,SEAT_STATUS,SHOW_ID) VALUES (15019,200,'Available',1015);
INSERT INTO LPU_MOVIE_SEAT(SEAT_ID,SEAT_PRICE,SEAT_STATUS,SHOW_ID) VALUES (15020,200,'Available',1015);
INSERT INTO LPU_MOVIE_SEAT(SEAT_ID,SEAT_PRICE,SEAT_STATUS,SHOW_ID) VALUES (15021,200,'Available',1015);
INSERT INTO LPU_MOVIE_SEAT(SEAT_ID,SEAT_PRICE,SEAT_STATUS,SHOW_ID) VALUES (15022,200,'Available',1015);
INSERT INTO LPU_MOVIE_SEAT(SEAT_ID,SEAT_PRICE,SEAT_STATUS,SHOW_ID) VALUES (15023,200,'Available',1015);
INSERT INTO LPU_MOVIE_SEAT(SEAT_ID,SEAT_PRICE,SEAT_STATUS,SHOW_ID) VALUES (15024,200,'Available',1015);
INSERT INTO LPU_MOVIE_SEAT(SEAT_ID,SEAT_PRICE,SEAT_STATUS,SHOW_ID) VALUES (15025,200,'Available',1015);
INSERT INTO LPU_MOVIE_SEAT(SEAT_ID,SEAT_PRICE,SEAT_STATUS,SHOW_ID) VALUES (15026,200,'Available',1015);
INSERT INTO LPU_MOVIE_SEAT(SEAT_ID,SEAT_PRICE,SEAT_STATUS,SHOW_ID) VALUES (15027,200,'Available',1015);
INSERT INTO LPU_MOVIE_SEAT(SEAT_ID,SEAT_PRICE,SEAT_STATUS,SHOW_ID) VALUES (15028,200,'Available',1015);
INSERT INTO LPU_MOVIE_SEAT(SEAT_ID,SEAT_PRICE,SEAT_STATUS,SHOW_ID) VALUES (15029,200,'Available',1015);
INSERT INTO LPU_MOVIE_SEAT(SEAT_ID,SEAT_PRICE,SEAT_STATUS,SHOW_ID) VALUES (15030,200,'Available',1015);
INSERT INTO LPU_MOVIE_SEAT(SEAT_ID,SEAT_PRICE,SEAT_STATUS,SHOW_ID) VALUES (15031,200,'Available',1015);
INSERT INTO LPU_MOVIE_SEAT(SEAT_ID,SEAT_PRICE,SEAT_STATUS,SHOW_ID) VALUES (15032,200,'Available',1015);
INSERT INTO LPU_MOVIE_SEAT(SEAT_ID,SEAT_PRICE,SEAT_STATUS,SHOW_ID) VALUES (15033,200,'Available',1015);
INSERT INTO LPU_MOVIE_SEAT(SEAT_ID,SEAT_PRICE,SEAT_STATUS,SHOW_ID) VALUES (15034,200,'Available',1015);
INSERT INTO LPU_MOVIE_SEAT(SEAT_ID,SEAT_PRICE,SEAT_STATUS,SHOW_ID) VALUES (15035,200,'Available',1015);
INSERT INTO LPU_MOVIE_SEAT(SEAT_ID,SEAT_PRICE,SEAT_STATUS,SHOW_ID) VALUES (15036,200,'Available',1015);


INSERT INTO LPU_MOVIE_SEAT(SEAT_ID,SEAT_PRICE,SEAT_STATUS,SHOW_ID) VALUES (16001,200,'Available',1016);
INSERT INTO LPU_MOVIE_SEAT(SEAT_ID,SEAT_PRICE,SEAT_STATUS,SHOW_ID) VALUES (16002,200,'Available',1016);
INSERT INTO LPU_MOVIE_SEAT(SEAT_ID,SEAT_PRICE,SEAT_STATUS,SHOW_ID) VALUES (16003,200,'Available',1016);
INSERT INTO LPU_MOVIE_SEAT(SEAT_ID,SEAT_PRICE,SEAT_STATUS,SHOW_ID) VALUES (16004,200,'Available',1016);
INSERT INTO LPU_MOVIE_SEAT(SEAT_ID,SEAT_PRICE,SEAT_STATUS,SHOW_ID) VALUES (16005,200,'Available',1016);
INSERT INTO LPU_MOVIE_SEAT(SEAT_ID,SEAT_PRICE,SEAT_STATUS,SHOW_ID) VALUES (16006,200,'Available',1016);
INSERT INTO LPU_MOVIE_SEAT(SEAT_ID,SEAT_PRICE,SEAT_STATUS,SHOW_ID) VALUES (16007,200,'Available',1016);
INSERT INTO LPU_MOVIE_SEAT(SEAT_ID,SEAT_PRICE,SEAT_STATUS,SHOW_ID) VALUES (16008,200,'Available',1016);
INSERT INTO LPU_MOVIE_SEAT(SEAT_ID,SEAT_PRICE,SEAT_STATUS,SHOW_ID) VALUES (16009,200,'Available',1016);
INSERT INTO LPU_MOVIE_SEAT(SEAT_ID,SEAT_PRICE,SEAT_STATUS,SHOW_ID) VALUES (16010,200,'Available',1016);
INSERT INTO LPU_MOVIE_SEAT(SEAT_ID,SEAT_PRICE,SEAT_STATUS,SHOW_ID) VALUES (16011,200,'Available',1016);
INSERT INTO LPU_MOVIE_SEAT(SEAT_ID,SEAT_PRICE,SEAT_STATUS,SHOW_ID) VALUES (16012,200,'Available',1016);
INSERT INTO LPU_MOVIE_SEAT(SEAT_ID,SEAT_PRICE,SEAT_STATUS,SHOW_ID) VALUES (16013,200,'Available',1016);
INSERT INTO LPU_MOVIE_SEAT(SEAT_ID,SEAT_PRICE,SEAT_STATUS,SHOW_ID) VALUES (16014,200,'Available',1016);
INSERT INTO LPU_MOVIE_SEAT(SEAT_ID,SEAT_PRICE,SEAT_STATUS,SHOW_ID) VALUES (16015,200,'Available',1016);
INSERT INTO LPU_MOVIE_SEAT(SEAT_ID,SEAT_PRICE,SEAT_STATUS,SHOW_ID) VALUES (16016,200,'Available',1016);
INSERT INTO LPU_MOVIE_SEAT(SEAT_ID,SEAT_PRICE,SEAT_STATUS,SHOW_ID) VALUES (16017,200,'Available',1016);
INSERT INTO LPU_MOVIE_SEAT(SEAT_ID,SEAT_PRICE,SEAT_STATUS,SHOW_ID) VALUES (16018,200,'Available',1016);
INSERT INTO LPU_MOVIE_SEAT(SEAT_ID,SEAT_PRICE,SEAT_STATUS,SHOW_ID) VALUES (16019,200,'Available',1016);
INSERT INTO LPU_MOVIE_SEAT(SEAT_ID,SEAT_PRICE,SEAT_STATUS,SHOW_ID) VALUES (16020,200,'Available',1016);
INSERT INTO LPU_MOVIE_SEAT(SEAT_ID,SEAT_PRICE,SEAT_STATUS,SHOW_ID) VALUES (16021,200,'Available',1016);
INSERT INTO LPU_MOVIE_SEAT(SEAT_ID,SEAT_PRICE,SEAT_STATUS,SHOW_ID) VALUES (16022,200,'Available',1016);
INSERT INTO LPU_MOVIE_SEAT(SEAT_ID,SEAT_PRICE,SEAT_STATUS,SHOW_ID) VALUES (16023,200,'Available',1016);
INSERT INTO LPU_MOVIE_SEAT(SEAT_ID,SEAT_PRICE,SEAT_STATUS,SHOW_ID) VALUES (16024,200,'Available',1016);
INSERT INTO LPU_MOVIE_SEAT(SEAT_ID,SEAT_PRICE,SEAT_STATUS,SHOW_ID) VALUES (16025,200,'Available',1016);
INSERT INTO LPU_MOVIE_SEAT(SEAT_ID,SEAT_PRICE,SEAT_STATUS,SHOW_ID) VALUES (16026,200,'Available',1016);
INSERT INTO LPU_MOVIE_SEAT(SEAT_ID,SEAT_PRICE,SEAT_STATUS,SHOW_ID) VALUES (16027,200,'Available',1016);
INSERT INTO LPU_MOVIE_SEAT(SEAT_ID,SEAT_PRICE,SEAT_STATUS,SHOW_ID) VALUES (16028,200,'Available',1016);
INSERT INTO LPU_MOVIE_SEAT(SEAT_ID,SEAT_PRICE,SEAT_STATUS,SHOW_ID) VALUES (16029,200,'Available',1016);
INSERT INTO LPU_MOVIE_SEAT(SEAT_ID,SEAT_PRICE,SEAT_STATUS,SHOW_ID) VALUES (16030,200,'Available',1016);
INSERT INTO LPU_MOVIE_SEAT(SEAT_ID,SEAT_PRICE,SEAT_STATUS,SHOW_ID) VALUES (16031,200,'Available',1016);
INSERT INTO LPU_MOVIE_SEAT(SEAT_ID,SEAT_PRICE,SEAT_STATUS,SHOW_ID) VALUES (16032,200,'Available',1016);
INSERT INTO LPU_MOVIE_SEAT(SEAT_ID,SEAT_PRICE,SEAT_STATUS,SHOW_ID) VALUES (16033,200,'Available',1016);
INSERT INTO LPU_MOVIE_SEAT(SEAT_ID,SEAT_PRICE,SEAT_STATUS,SHOW_ID) VALUES (16034,200,'Available',1016);
INSERT INTO LPU_MOVIE_SEAT(SEAT_ID,SEAT_PRICE,SEAT_STATUS,SHOW_ID) VALUES (16035,200,'Available',1016);
INSERT INTO LPU_MOVIE_SEAT(SEAT_ID,SEAT_PRICE,SEAT_STATUS,SHOW_ID) VALUES (16036,200,'Available',1016);



INSERT INTO LPU_MOVIE_SEAT(SEAT_ID,SEAT_PRICE,SEAT_STATUS,SHOW_ID) VALUES (17001,200,'Available',1017);
INSERT INTO LPU_MOVIE_SEAT(SEAT_ID,SEAT_PRICE,SEAT_STATUS,SHOW_ID) VALUES (17002,200,'Available',1017);
INSERT INTO LPU_MOVIE_SEAT(SEAT_ID,SEAT_PRICE,SEAT_STATUS,SHOW_ID) VALUES (17003,200,'Available',1017);
INSERT INTO LPU_MOVIE_SEAT(SEAT_ID,SEAT_PRICE,SEAT_STATUS,SHOW_ID) VALUES (17004,200,'Available',1017);
INSERT INTO LPU_MOVIE_SEAT(SEAT_ID,SEAT_PRICE,SEAT_STATUS,SHOW_ID) VALUES (17005,200,'Available',1017);
INSERT INTO LPU_MOVIE_SEAT(SEAT_ID,SEAT_PRICE,SEAT_STATUS,SHOW_ID) VALUES (17006,200,'Available',1017);
INSERT INTO LPU_MOVIE_SEAT(SEAT_ID,SEAT_PRICE,SEAT_STATUS,SHOW_ID) VALUES (17007,200,'Available',1017);
INSERT INTO LPU_MOVIE_SEAT(SEAT_ID,SEAT_PRICE,SEAT_STATUS,SHOW_ID) VALUES (17008,200,'Available',1017);
INSERT INTO LPU_MOVIE_SEAT(SEAT_ID,SEAT_PRICE,SEAT_STATUS,SHOW_ID) VALUES (17009,200,'Available',1017);
INSERT INTO LPU_MOVIE_SEAT(SEAT_ID,SEAT_PRICE,SEAT_STATUS,SHOW_ID) VALUES (17010,200,'Available',1017);
INSERT INTO LPU_MOVIE_SEAT(SEAT_ID,SEAT_PRICE,SEAT_STATUS,SHOW_ID) VALUES (17011,200,'Available',1017);
INSERT INTO LPU_MOVIE_SEAT(SEAT_ID,SEAT_PRICE,SEAT_STATUS,SHOW_ID) VALUES (17012,200,'Available',1017);
INSERT INTO LPU_MOVIE_SEAT(SEAT_ID,SEAT_PRICE,SEAT_STATUS,SHOW_ID) VALUES (17013,200,'Available',1017);
INSERT INTO LPU_MOVIE_SEAT(SEAT_ID,SEAT_PRICE,SEAT_STATUS,SHOW_ID) VALUES (17014,200,'Available',1017);
INSERT INTO LPU_MOVIE_SEAT(SEAT_ID,SEAT_PRICE,SEAT_STATUS,SHOW_ID) VALUES (17015,200,'Available',1017);
INSERT INTO LPU_MOVIE_SEAT(SEAT_ID,SEAT_PRICE,SEAT_STATUS,SHOW_ID) VALUES (17016,200,'Available',1017);
INSERT INTO LPU_MOVIE_SEAT(SEAT_ID,SEAT_PRICE,SEAT_STATUS,SHOW_ID) VALUES (17017,200,'Available',1017);
INSERT INTO LPU_MOVIE_SEAT(SEAT_ID,SEAT_PRICE,SEAT_STATUS,SHOW_ID) VALUES (17018,200,'Available',1017);
INSERT INTO LPU_MOVIE_SEAT(SEAT_ID,SEAT_PRICE,SEAT_STATUS,SHOW_ID) VALUES (17019,200,'Available',1017);
INSERT INTO LPU_MOVIE_SEAT(SEAT_ID,SEAT_PRICE,SEAT_STATUS,SHOW_ID) VALUES (17020,200,'Available',1017);
INSERT INTO LPU_MOVIE_SEAT(SEAT_ID,SEAT_PRICE,SEAT_STATUS,SHOW_ID) VALUES (17021,200,'Available',1017);
INSERT INTO LPU_MOVIE_SEAT(SEAT_ID,SEAT_PRICE,SEAT_STATUS,SHOW_ID) VALUES (17022,200,'Available',1017);
INSERT INTO LPU_MOVIE_SEAT(SEAT_ID,SEAT_PRICE,SEAT_STATUS,SHOW_ID) VALUES (17023,200,'Available',1017);
INSERT INTO LPU_MOVIE_SEAT(SEAT_ID,SEAT_PRICE,SEAT_STATUS,SHOW_ID) VALUES (17024,200,'Available',1017);
INSERT INTO LPU_MOVIE_SEAT(SEAT_ID,SEAT_PRICE,SEAT_STATUS,SHOW_ID) VALUES (17025,200,'Available',1017);
INSERT INTO LPU_MOVIE_SEAT(SEAT_ID,SEAT_PRICE,SEAT_STATUS,SHOW_ID) VALUES (17026,200,'Available',1017);
INSERT INTO LPU_MOVIE_SEAT(SEAT_ID,SEAT_PRICE,SEAT_STATUS,SHOW_ID) VALUES (17027,200,'Available',1017);
INSERT INTO LPU_MOVIE_SEAT(SEAT_ID,SEAT_PRICE,SEAT_STATUS,SHOW_ID) VALUES (17028,200,'Available',1017);
INSERT INTO LPU_MOVIE_SEAT(SEAT_ID,SEAT_PRICE,SEAT_STATUS,SHOW_ID) VALUES (17029,200,'Available',1017);
INSERT INTO LPU_MOVIE_SEAT(SEAT_ID,SEAT_PRICE,SEAT_STATUS,SHOW_ID) VALUES (17030,200,'Available',1017);
INSERT INTO LPU_MOVIE_SEAT(SEAT_ID,SEAT_PRICE,SEAT_STATUS,SHOW_ID) VALUES (17031,200,'Available',1017);
INSERT INTO LPU_MOVIE_SEAT(SEAT_ID,SEAT_PRICE,SEAT_STATUS,SHOW_ID) VALUES (17032,200,'Available',1017);
INSERT INTO LPU_MOVIE_SEAT(SEAT_ID,SEAT_PRICE,SEAT_STATUS,SHOW_ID) VALUES (17033,200,'Available',1017);
INSERT INTO LPU_MOVIE_SEAT(SEAT_ID,SEAT_PRICE,SEAT_STATUS,SHOW_ID) VALUES (17034,200,'Available',1017);
INSERT INTO LPU_MOVIE_SEAT(SEAT_ID,SEAT_PRICE,SEAT_STATUS,SHOW_ID) VALUES (17035,200,'Available',1017);
INSERT INTO LPU_MOVIE_SEAT(SEAT_ID,SEAT_PRICE,SEAT_STATUS,SHOW_ID) VALUES (17036,200,'Available',1017);

INSERT INTO LPU_MOVIE_SEAT(SEAT_ID,SEAT_PRICE,SEAT_STATUS,SHOW_ID) VALUES (18001,200,'Available',1018);
INSERT INTO LPU_MOVIE_SEAT(SEAT_ID,SEAT_PRICE,SEAT_STATUS,SHOW_ID) VALUES (18002,200,'Available',1018);
INSERT INTO LPU_MOVIE_SEAT(SEAT_ID,SEAT_PRICE,SEAT_STATUS,SHOW_ID) VALUES (18003,200,'Available',1018);
INSERT INTO LPU_MOVIE_SEAT(SEAT_ID,SEAT_PRICE,SEAT_STATUS,SHOW_ID) VALUES (18004,200,'Available',1018);
INSERT INTO LPU_MOVIE_SEAT(SEAT_ID,SEAT_PRICE,SEAT_STATUS,SHOW_ID) VALUES (18005,200,'Available',1018);
INSERT INTO LPU_MOVIE_SEAT(SEAT_ID,SEAT_PRICE,SEAT_STATUS,SHOW_ID) VALUES (18006,200,'Available',1018);
INSERT INTO LPU_MOVIE_SEAT(SEAT_ID,SEAT_PRICE,SEAT_STATUS,SHOW_ID) VALUES (18007,200,'Available',1018);
INSERT INTO LPU_MOVIE_SEAT(SEAT_ID,SEAT_PRICE,SEAT_STATUS,SHOW_ID) VALUES (18008,200,'Available',1018);
INSERT INTO LPU_MOVIE_SEAT(SEAT_ID,SEAT_PRICE,SEAT_STATUS,SHOW_ID) VALUES (18009,200,'Available',1018);
INSERT INTO LPU_MOVIE_SEAT(SEAT_ID,SEAT_PRICE,SEAT_STATUS,SHOW_ID) VALUES (18010,200,'Available',1018);
INSERT INTO LPU_MOVIE_SEAT(SEAT_ID,SEAT_PRICE,SEAT_STATUS,SHOW_ID) VALUES (18011,200,'Available',1018);
INSERT INTO LPU_MOVIE_SEAT(SEAT_ID,SEAT_PRICE,SEAT_STATUS,SHOW_ID) VALUES (18012,200,'Available',1018);
INSERT INTO LPU_MOVIE_SEAT(SEAT_ID,SEAT_PRICE,SEAT_STATUS,SHOW_ID) VALUES (18013,200,'Available',1018);
INSERT INTO LPU_MOVIE_SEAT(SEAT_ID,SEAT_PRICE,SEAT_STATUS,SHOW_ID) VALUES (18014,200,'Available',1018);
INSERT INTO LPU_MOVIE_SEAT(SEAT_ID,SEAT_PRICE,SEAT_STATUS,SHOW_ID) VALUES (18015,200,'Available',1018);
INSERT INTO LPU_MOVIE_SEAT(SEAT_ID,SEAT_PRICE,SEAT_STATUS,SHOW_ID) VALUES (18016,200,'Available',1018);
INSERT INTO LPU_MOVIE_SEAT(SEAT_ID,SEAT_PRICE,SEAT_STATUS,SHOW_ID) VALUES (18017,200,'Available',1018);
INSERT INTO LPU_MOVIE_SEAT(SEAT_ID,SEAT_PRICE,SEAT_STATUS,SHOW_ID) VALUES (18018,200,'Available',1018);
INSERT INTO LPU_MOVIE_SEAT(SEAT_ID,SEAT_PRICE,SEAT_STATUS,SHOW_ID) VALUES (18019,200,'Available',1018);
INSERT INTO LPU_MOVIE_SEAT(SEAT_ID,SEAT_PRICE,SEAT_STATUS,SHOW_ID) VALUES (18020,200,'Available',1018);
INSERT INTO LPU_MOVIE_SEAT(SEAT_ID,SEAT_PRICE,SEAT_STATUS,SHOW_ID) VALUES (18021,200,'Available',1018);
INSERT INTO LPU_MOVIE_SEAT(SEAT_ID,SEAT_PRICE,SEAT_STATUS,SHOW_ID) VALUES (18022,200,'Available',1018);
INSERT INTO LPU_MOVIE_SEAT(SEAT_ID,SEAT_PRICE,SEAT_STATUS,SHOW_ID) VALUES (18023,200,'Available',1018);
INSERT INTO LPU_MOVIE_SEAT(SEAT_ID,SEAT_PRICE,SEAT_STATUS,SHOW_ID) VALUES (18024,200,'Available',1018);
INSERT INTO LPU_MOVIE_SEAT(SEAT_ID,SEAT_PRICE,SEAT_STATUS,SHOW_ID) VALUES (18025,200,'Available',1018);
INSERT INTO LPU_MOVIE_SEAT(SEAT_ID,SEAT_PRICE,SEAT_STATUS,SHOW_ID) VALUES (18026,200,'Available',1018);
INSERT INTO LPU_MOVIE_SEAT(SEAT_ID,SEAT_PRICE,SEAT_STATUS,SHOW_ID) VALUES (18027,200,'Available',1018);
INSERT INTO LPU_MOVIE_SEAT(SEAT_ID,SEAT_PRICE,SEAT_STATUS,SHOW_ID) VALUES (18028,200,'Available',1018);
INSERT INTO LPU_MOVIE_SEAT(SEAT_ID,SEAT_PRICE,SEAT_STATUS,SHOW_ID) VALUES (18029,200,'Available',1018);
INSERT INTO LPU_MOVIE_SEAT(SEAT_ID,SEAT_PRICE,SEAT_STATUS,SHOW_ID) VALUES (18030,200,'Available',1018);
INSERT INTO LPU_MOVIE_SEAT(SEAT_ID,SEAT_PRICE,SEAT_STATUS,SHOW_ID) VALUES (18031,200,'Available',1018);
INSERT INTO LPU_MOVIE_SEAT(SEAT_ID,SEAT_PRICE,SEAT_STATUS,SHOW_ID) VALUES (18032,200,'Available',1018);
INSERT INTO LPU_MOVIE_SEAT(SEAT_ID,SEAT_PRICE,SEAT_STATUS,SHOW_ID) VALUES (18033,200,'Available',1018);
INSERT INTO LPU_MOVIE_SEAT(SEAT_ID,SEAT_PRICE,SEAT_STATUS,SHOW_ID) VALUES (18034,200,'Available',1018);
INSERT INTO LPU_MOVIE_SEAT(SEAT_ID,SEAT_PRICE,SEAT_STATUS,SHOW_ID) VALUES (18035,200,'Available',1018);
INSERT INTO LPU_MOVIE_SEAT(SEAT_ID,SEAT_PRICE,SEAT_STATUS,SHOW_ID) VALUES (18036,200,'Available',1018);


INSERT INTO LPU_MOVIE_SEAT(SEAT_ID,SEAT_PRICE,SEAT_STATUS,SHOW_ID) VALUES (19001,200,'Available',1019);
INSERT INTO LPU_MOVIE_SEAT(SEAT_ID,SEAT_PRICE,SEAT_STATUS,SHOW_ID) VALUES (19002,200,'Available',1019);
INSERT INTO LPU_MOVIE_SEAT(SEAT_ID,SEAT_PRICE,SEAT_STATUS,SHOW_ID) VALUES (19003,200,'Available',1019);
INSERT INTO LPU_MOVIE_SEAT(SEAT_ID,SEAT_PRICE,SEAT_STATUS,SHOW_ID) VALUES (19004,200,'Available',1019);
INSERT INTO LPU_MOVIE_SEAT(SEAT_ID,SEAT_PRICE,SEAT_STATUS,SHOW_ID) VALUES (19005,200,'Available',1019);
INSERT INTO LPU_MOVIE_SEAT(SEAT_ID,SEAT_PRICE,SEAT_STATUS,SHOW_ID) VALUES (19006,200,'Available',1019);
INSERT INTO LPU_MOVIE_SEAT(SEAT_ID,SEAT_PRICE,SEAT_STATUS,SHOW_ID) VALUES (19007,200,'Available',1019);
INSERT INTO LPU_MOVIE_SEAT(SEAT_ID,SEAT_PRICE,SEAT_STATUS,SHOW_ID) VALUES (19008,200,'Available',1019);
INSERT INTO LPU_MOVIE_SEAT(SEAT_ID,SEAT_PRICE,SEAT_STATUS,SHOW_ID) VALUES (19009,200,'Available',1019);
INSERT INTO LPU_MOVIE_SEAT(SEAT_ID,SEAT_PRICE,SEAT_STATUS,SHOW_ID) VALUES (19010,200,'Available',1019);
INSERT INTO LPU_MOVIE_SEAT(SEAT_ID,SEAT_PRICE,SEAT_STATUS,SHOW_ID) VALUES (19011,200,'Available',1019);
INSERT INTO LPU_MOVIE_SEAT(SEAT_ID,SEAT_PRICE,SEAT_STATUS,SHOW_ID) VALUES (19012,200,'Available',1019);
INSERT INTO LPU_MOVIE_SEAT(SEAT_ID,SEAT_PRICE,SEAT_STATUS,SHOW_ID) VALUES (19013,200,'Available',1019);
INSERT INTO LPU_MOVIE_SEAT(SEAT_ID,SEAT_PRICE,SEAT_STATUS,SHOW_ID) VALUES (19014,200,'Available',1019);
INSERT INTO LPU_MOVIE_SEAT(SEAT_ID,SEAT_PRICE,SEAT_STATUS,SHOW_ID) VALUES (19015,200,'Available',1019);
INSERT INTO LPU_MOVIE_SEAT(SEAT_ID,SEAT_PRICE,SEAT_STATUS,SHOW_ID) VALUES (19016,200,'Available',1019);
INSERT INTO LPU_MOVIE_SEAT(SEAT_ID,SEAT_PRICE,SEAT_STATUS,SHOW_ID) VALUES (19017,200,'Available',1019);
INSERT INTO LPU_MOVIE_SEAT(SEAT_ID,SEAT_PRICE,SEAT_STATUS,SHOW_ID) VALUES (19018,200,'Available',1019);
INSERT INTO LPU_MOVIE_SEAT(SEAT_ID,SEAT_PRICE,SEAT_STATUS,SHOW_ID) VALUES (19019,200,'Available',1019);
INSERT INTO LPU_MOVIE_SEAT(SEAT_ID,SEAT_PRICE,SEAT_STATUS,SHOW_ID) VALUES (19020,200,'Available',1019);
INSERT INTO LPU_MOVIE_SEAT(SEAT_ID,SEAT_PRICE,SEAT_STATUS,SHOW_ID) VALUES (19021,200,'Available',1019);
INSERT INTO LPU_MOVIE_SEAT(SEAT_ID,SEAT_PRICE,SEAT_STATUS,SHOW_ID) VALUES (19022,200,'Available',1019);
INSERT INTO LPU_MOVIE_SEAT(SEAT_ID,SEAT_PRICE,SEAT_STATUS,SHOW_ID) VALUES (19023,200,'Available',1019);
INSERT INTO LPU_MOVIE_SEAT(SEAT_ID,SEAT_PRICE,SEAT_STATUS,SHOW_ID) VALUES (19024,200,'Available',1019);
INSERT INTO LPU_MOVIE_SEAT(SEAT_ID,SEAT_PRICE,SEAT_STATUS,SHOW_ID) VALUES (19025,200,'Available',1019);
INSERT INTO LPU_MOVIE_SEAT(SEAT_ID,SEAT_PRICE,SEAT_STATUS,SHOW_ID) VALUES (19026,200,'Available',1019);
INSERT INTO LPU_MOVIE_SEAT(SEAT_ID,SEAT_PRICE,SEAT_STATUS,SHOW_ID) VALUES (19027,200,'Available',1019);
INSERT INTO LPU_MOVIE_SEAT(SEAT_ID,SEAT_PRICE,SEAT_STATUS,SHOW_ID) VALUES (19028,200,'Available',1019);
INSERT INTO LPU_MOVIE_SEAT(SEAT_ID,SEAT_PRICE,SEAT_STATUS,SHOW_ID) VALUES (19029,200,'Available',1019);
INSERT INTO LPU_MOVIE_SEAT(SEAT_ID,SEAT_PRICE,SEAT_STATUS,SHOW_ID) VALUES (19030,200,'Available',1019);
INSERT INTO LPU_MOVIE_SEAT(SEAT_ID,SEAT_PRICE,SEAT_STATUS,SHOW_ID) VALUES (19031,200,'Available',1019);
INSERT INTO LPU_MOVIE_SEAT(SEAT_ID,SEAT_PRICE,SEAT_STATUS,SHOW_ID) VALUES (19032,200,'Available',1019);
INSERT INTO LPU_MOVIE_SEAT(SEAT_ID,SEAT_PRICE,SEAT_STATUS,SHOW_ID) VALUES (19033,200,'Available',1019);
INSERT INTO LPU_MOVIE_SEAT(SEAT_ID,SEAT_PRICE,SEAT_STATUS,SHOW_ID) VALUES (19034,200,'Available',1019);
INSERT INTO LPU_MOVIE_SEAT(SEAT_ID,SEAT_PRICE,SEAT_STATUS,SHOW_ID) VALUES (19035,200,'Available',1019);
INSERT INTO LPU_MOVIE_SEAT(SEAT_ID,SEAT_PRICE,SEAT_STATUS,SHOW_ID) VALUES (19036,200,'Available',1019);


INSERT INTO LPU_MOVIE_SEAT(SEAT_ID,SEAT_PRICE,SEAT_STATUS,SHOW_ID) VALUES (20001,200,'Available',1020);
INSERT INTO LPU_MOVIE_SEAT(SEAT_ID,SEAT_PRICE,SEAT_STATUS,SHOW_ID) VALUES (20002,200,'Available',1020);
INSERT INTO LPU_MOVIE_SEAT(SEAT_ID,SEAT_PRICE,SEAT_STATUS,SHOW_ID) VALUES (20003,200,'Available',1020);
INSERT INTO LPU_MOVIE_SEAT(SEAT_ID,SEAT_PRICE,SEAT_STATUS,SHOW_ID) VALUES (20004,200,'Available',1020);
INSERT INTO LPU_MOVIE_SEAT(SEAT_ID,SEAT_PRICE,SEAT_STATUS,SHOW_ID) VALUES (20005,200,'Available',1020);
INSERT INTO LPU_MOVIE_SEAT(SEAT_ID,SEAT_PRICE,SEAT_STATUS,SHOW_ID) VALUES (20006,200,'Available',1020);
INSERT INTO LPU_MOVIE_SEAT(SEAT_ID,SEAT_PRICE,SEAT_STATUS,SHOW_ID) VALUES (20007,200,'Available',1020);
INSERT INTO LPU_MOVIE_SEAT(SEAT_ID,SEAT_PRICE,SEAT_STATUS,SHOW_ID) VALUES (20008,200,'Available',1020);
INSERT INTO LPU_MOVIE_SEAT(SEAT_ID,SEAT_PRICE,SEAT_STATUS,SHOW_ID) VALUES (20009,200,'Available',1020);
INSERT INTO LPU_MOVIE_SEAT(SEAT_ID,SEAT_PRICE,SEAT_STATUS,SHOW_ID) VALUES (20010,200,'Available',1020);
INSERT INTO LPU_MOVIE_SEAT(SEAT_ID,SEAT_PRICE,SEAT_STATUS,SHOW_ID) VALUES (20011,200,'Available',1020);
INSERT INTO LPU_MOVIE_SEAT(SEAT_ID,SEAT_PRICE,SEAT_STATUS,SHOW_ID) VALUES (20012,200,'Available',1020);
INSERT INTO LPU_MOVIE_SEAT(SEAT_ID,SEAT_PRICE,SEAT_STATUS,SHOW_ID) VALUES (20013,200,'Available',1020);
INSERT INTO LPU_MOVIE_SEAT(SEAT_ID,SEAT_PRICE,SEAT_STATUS,SHOW_ID) VALUES (20014,200,'Available',1020);
INSERT INTO LPU_MOVIE_SEAT(SEAT_ID,SEAT_PRICE,SEAT_STATUS,SHOW_ID) VALUES (20015,200,'Available',1020);
INSERT INTO LPU_MOVIE_SEAT(SEAT_ID,SEAT_PRICE,SEAT_STATUS,SHOW_ID) VALUES (20016,200,'Available',1020);
INSERT INTO LPU_MOVIE_SEAT(SEAT_ID,SEAT_PRICE,SEAT_STATUS,SHOW_ID) VALUES (20017,200,'Available',1020);
INSERT INTO LPU_MOVIE_SEAT(SEAT_ID,SEAT_PRICE,SEAT_STATUS,SHOW_ID) VALUES (20018,200,'Available',1020);
INSERT INTO LPU_MOVIE_SEAT(SEAT_ID,SEAT_PRICE,SEAT_STATUS,SHOW_ID) VALUES (20019,200,'Available',1020);
INSERT INTO LPU_MOVIE_SEAT(SEAT_ID,SEAT_PRICE,SEAT_STATUS,SHOW_ID) VALUES (20020,200,'Available',1020);
INSERT INTO LPU_MOVIE_SEAT(SEAT_ID,SEAT_PRICE,SEAT_STATUS,SHOW_ID) VALUES (20021,200,'Available',1020);
INSERT INTO LPU_MOVIE_SEAT(SEAT_ID,SEAT_PRICE,SEAT_STATUS,SHOW_ID) VALUES (20022,200,'Available',1020);
INSERT INTO LPU_MOVIE_SEAT(SEAT_ID,SEAT_PRICE,SEAT_STATUS,SHOW_ID) VALUES (20023,200,'Available',1020);
INSERT INTO LPU_MOVIE_SEAT(SEAT_ID,SEAT_PRICE,SEAT_STATUS,SHOW_ID) VALUES (20024,200,'Available',1020);
INSERT INTO LPU_MOVIE_SEAT(SEAT_ID,SEAT_PRICE,SEAT_STATUS,SHOW_ID) VALUES (20025,200,'Available',1020);
INSERT INTO LPU_MOVIE_SEAT(SEAT_ID,SEAT_PRICE,SEAT_STATUS,SHOW_ID) VALUES (20026,200,'Available',1020);
INSERT INTO LPU_MOVIE_SEAT(SEAT_ID,SEAT_PRICE,SEAT_STATUS,SHOW_ID) VALUES (20027,200,'Available',1020);
INSERT INTO LPU_MOVIE_SEAT(SEAT_ID,SEAT_PRICE,SEAT_STATUS,SHOW_ID) VALUES (20028,200,'Available',1020);
INSERT INTO LPU_MOVIE_SEAT(SEAT_ID,SEAT_PRICE,SEAT_STATUS,SHOW_ID) VALUES (20029,200,'Available',1020);
INSERT INTO LPU_MOVIE_SEAT(SEAT_ID,SEAT_PRICE,SEAT_STATUS,SHOW_ID) VALUES (20030,200,'Available',1020);
INSERT INTO LPU_MOVIE_SEAT(SEAT_ID,SEAT_PRICE,SEAT_STATUS,SHOW_ID) VALUES (20031,200,'Available',1020);
INSERT INTO LPU_MOVIE_SEAT(SEAT_ID,SEAT_PRICE,SEAT_STATUS,SHOW_ID) VALUES (20032,200,'Available',1020);
INSERT INTO LPU_MOVIE_SEAT(SEAT_ID,SEAT_PRICE,SEAT_STATUS,SHOW_ID) VALUES (20033,200,'Available',1020);
INSERT INTO LPU_MOVIE_SEAT(SEAT_ID,SEAT_PRICE,SEAT_STATUS,SHOW_ID) VALUES (20034,200,'Available',1020);
INSERT INTO LPU_MOVIE_SEAT(SEAT_ID,SEAT_PRICE,SEAT_STATUS,SHOW_ID) VALUES (20035,200,'Available',1020);
INSERT INTO LPU_MOVIE_SEAT(SEAT_ID,SEAT_PRICE,SEAT_STATUS,SHOW_ID) VALUES (20036,200,'Available',1020);




INSERT INTO LPU_MOVIE_SEAT(SEAT_ID,SEAT_PRICE,SEAT_STATUS,SHOW_ID) VALUES (21001,200,'Available',1021);
INSERT INTO LPU_MOVIE_SEAT(SEAT_ID,SEAT_PRICE,SEAT_STATUS,SHOW_ID) VALUES (21002,200,'Available',1021);
INSERT INTO LPU_MOVIE_SEAT(SEAT_ID,SEAT_PRICE,SEAT_STATUS,SHOW_ID) VALUES (21003,200,'Available',1021);
INSERT INTO LPU_MOVIE_SEAT(SEAT_ID,SEAT_PRICE,SEAT_STATUS,SHOW_ID) VALUES (21004,200,'Available',1021);
INSERT INTO LPU_MOVIE_SEAT(SEAT_ID,SEAT_PRICE,SEAT_STATUS,SHOW_ID) VALUES (21005,200,'Available',1021);
INSERT INTO LPU_MOVIE_SEAT(SEAT_ID,SEAT_PRICE,SEAT_STATUS,SHOW_ID) VALUES (21006,200,'Available',1021);
INSERT INTO LPU_MOVIE_SEAT(SEAT_ID,SEAT_PRICE,SEAT_STATUS,SHOW_ID) VALUES (21007,200,'Available',1021);
INSERT INTO LPU_MOVIE_SEAT(SEAT_ID,SEAT_PRICE,SEAT_STATUS,SHOW_ID) VALUES (21008,200,'Available',1021);
INSERT INTO LPU_MOVIE_SEAT(SEAT_ID,SEAT_PRICE,SEAT_STATUS,SHOW_ID) VALUES (21009,200,'Available',1021);
INSERT INTO LPU_MOVIE_SEAT(SEAT_ID,SEAT_PRICE,SEAT_STATUS,SHOW_ID) VALUES (21010,200,'Available',1021);
INSERT INTO LPU_MOVIE_SEAT(SEAT_ID,SEAT_PRICE,SEAT_STATUS,SHOW_ID) VALUES (21011,200,'Available',1021);
INSERT INTO LPU_MOVIE_SEAT(SEAT_ID,SEAT_PRICE,SEAT_STATUS,SHOW_ID) VALUES (21012,200,'Available',1021);
INSERT INTO LPU_MOVIE_SEAT(SEAT_ID,SEAT_PRICE,SEAT_STATUS,SHOW_ID) VALUES (21013,200,'Available',1021);
INSERT INTO LPU_MOVIE_SEAT(SEAT_ID,SEAT_PRICE,SEAT_STATUS,SHOW_ID) VALUES (21014,200,'Available',1021);
INSERT INTO LPU_MOVIE_SEAT(SEAT_ID,SEAT_PRICE,SEAT_STATUS,SHOW_ID) VALUES (21015,200,'Available',1021);
INSERT INTO LPU_MOVIE_SEAT(SEAT_ID,SEAT_PRICE,SEAT_STATUS,SHOW_ID) VALUES (21016,200,'Available',1021);
INSERT INTO LPU_MOVIE_SEAT(SEAT_ID,SEAT_PRICE,SEAT_STATUS,SHOW_ID) VALUES (21017,200,'Available',1021);
INSERT INTO LPU_MOVIE_SEAT(SEAT_ID,SEAT_PRICE,SEAT_STATUS,SHOW_ID) VALUES (21018,200,'Available',1021);
INSERT INTO LPU_MOVIE_SEAT(SEAT_ID,SEAT_PRICE,SEAT_STATUS,SHOW_ID) VALUES (21019,200,'Available',1021);
INSERT INTO LPU_MOVIE_SEAT(SEAT_ID,SEAT_PRICE,SEAT_STATUS,SHOW_ID) VALUES (21020,200,'Available',1021);
INSERT INTO LPU_MOVIE_SEAT(SEAT_ID,SEAT_PRICE,SEAT_STATUS,SHOW_ID) VALUES (21021,200,'Available',1021);
INSERT INTO LPU_MOVIE_SEAT(SEAT_ID,SEAT_PRICE,SEAT_STATUS,SHOW_ID) VALUES (21022,200,'Available',1021);
INSERT INTO LPU_MOVIE_SEAT(SEAT_ID,SEAT_PRICE,SEAT_STATUS,SHOW_ID) VALUES (21023,200,'Available',1021);
INSERT INTO LPU_MOVIE_SEAT(SEAT_ID,SEAT_PRICE,SEAT_STATUS,SHOW_ID) VALUES (21024,200,'Available',1021);
INSERT INTO LPU_MOVIE_SEAT(SEAT_ID,SEAT_PRICE,SEAT_STATUS,SHOW_ID) VALUES (21025,200,'Available',1021);
INSERT INTO LPU_MOVIE_SEAT(SEAT_ID,SEAT_PRICE,SEAT_STATUS,SHOW_ID) VALUES (21026,200,'Available',1021);
INSERT INTO LPU_MOVIE_SEAT(SEAT_ID,SEAT_PRICE,SEAT_STATUS,SHOW_ID) VALUES (21027,200,'Available',1021);
INSERT INTO LPU_MOVIE_SEAT(SEAT_ID,SEAT_PRICE,SEAT_STATUS,SHOW_ID) VALUES (21028,200,'Available',1021);
INSERT INTO LPU_MOVIE_SEAT(SEAT_ID,SEAT_PRICE,SEAT_STATUS,SHOW_ID) VALUES (21029,200,'Available',1021);
INSERT INTO LPU_MOVIE_SEAT(SEAT_ID,SEAT_PRICE,SEAT_STATUS,SHOW_ID) VALUES (21030,200,'Available',1021);
INSERT INTO LPU_MOVIE_SEAT(SEAT_ID,SEAT_PRICE,SEAT_STATUS,SHOW_ID) VALUES (21031,200,'Available',1021);
INSERT INTO LPU_MOVIE_SEAT(SEAT_ID,SEAT_PRICE,SEAT_STATUS,SHOW_ID) VALUES (21032,200,'Available',1021);
INSERT INTO LPU_MOVIE_SEAT(SEAT_ID,SEAT_PRICE,SEAT_STATUS,SHOW_ID) VALUES (21033,200,'Available',1021);
INSERT INTO LPU_MOVIE_SEAT(SEAT_ID,SEAT_PRICE,SEAT_STATUS,SHOW_ID) VALUES (21034,200,'Available',1021);
INSERT INTO LPU_MOVIE_SEAT(SEAT_ID,SEAT_PRICE,SEAT_STATUS,SHOW_ID) VALUES (21035,200,'Available',1021);
INSERT INTO LPU_MOVIE_SEAT(SEAT_ID,SEAT_PRICE,SEAT_STATUS,SHOW_ID) VALUES (21036,200,'Available',1021);


INSERT INTO LPU_MOVIE_SEAT(SEAT_ID,SEAT_PRICE,SEAT_STATUS,SHOW_ID) VALUES (22001,200,'Available',1022);
INSERT INTO LPU_MOVIE_SEAT(SEAT_ID,SEAT_PRICE,SEAT_STATUS,SHOW_ID) VALUES (22002,200,'Available',1022);
INSERT INTO LPU_MOVIE_SEAT(SEAT_ID,SEAT_PRICE,SEAT_STATUS,SHOW_ID) VALUES (22003,200,'Available',1022);
INSERT INTO LPU_MOVIE_SEAT(SEAT_ID,SEAT_PRICE,SEAT_STATUS,SHOW_ID) VALUES (22004,200,'Available',1022);
INSERT INTO LPU_MOVIE_SEAT(SEAT_ID,SEAT_PRICE,SEAT_STATUS,SHOW_ID) VALUES (22005,200,'Available',1022);
INSERT INTO LPU_MOVIE_SEAT(SEAT_ID,SEAT_PRICE,SEAT_STATUS,SHOW_ID) VALUES (22006,200,'Available',1022);
INSERT INTO LPU_MOVIE_SEAT(SEAT_ID,SEAT_PRICE,SEAT_STATUS,SHOW_ID) VALUES (22007,200,'Available',1022);
INSERT INTO LPU_MOVIE_SEAT(SEAT_ID,SEAT_PRICE,SEAT_STATUS,SHOW_ID) VALUES (22008,200,'Available',1022);
INSERT INTO LPU_MOVIE_SEAT(SEAT_ID,SEAT_PRICE,SEAT_STATUS,SHOW_ID) VALUES (22009,200,'Available',1022);
INSERT INTO LPU_MOVIE_SEAT(SEAT_ID,SEAT_PRICE,SEAT_STATUS,SHOW_ID) VALUES (22010,200,'Available',1022);
INSERT INTO LPU_MOVIE_SEAT(SEAT_ID,SEAT_PRICE,SEAT_STATUS,SHOW_ID) VALUES (22011,200,'Available',1022);
INSERT INTO LPU_MOVIE_SEAT(SEAT_ID,SEAT_PRICE,SEAT_STATUS,SHOW_ID) VALUES (22012,200,'Available',1022);
INSERT INTO LPU_MOVIE_SEAT(SEAT_ID,SEAT_PRICE,SEAT_STATUS,SHOW_ID) VALUES (22013,200,'Available',1022);
INSERT INTO LPU_MOVIE_SEAT(SEAT_ID,SEAT_PRICE,SEAT_STATUS,SHOW_ID) VALUES (22014,200,'Available',1022);
INSERT INTO LPU_MOVIE_SEAT(SEAT_ID,SEAT_PRICE,SEAT_STATUS,SHOW_ID) VALUES (22015,200,'Available',1022);
INSERT INTO LPU_MOVIE_SEAT(SEAT_ID,SEAT_PRICE,SEAT_STATUS,SHOW_ID) VALUES (22016,200,'Available',1022);
INSERT INTO LPU_MOVIE_SEAT(SEAT_ID,SEAT_PRICE,SEAT_STATUS,SHOW_ID) VALUES (22017,200,'Available',1022);
INSERT INTO LPU_MOVIE_SEAT(SEAT_ID,SEAT_PRICE,SEAT_STATUS,SHOW_ID) VALUES (22018,200,'Available',1022);
INSERT INTO LPU_MOVIE_SEAT(SEAT_ID,SEAT_PRICE,SEAT_STATUS,SHOW_ID) VALUES (22019,200,'Available',1022);
INSERT INTO LPU_MOVIE_SEAT(SEAT_ID,SEAT_PRICE,SEAT_STATUS,SHOW_ID) VALUES (22020,200,'Available',1022);
INSERT INTO LPU_MOVIE_SEAT(SEAT_ID,SEAT_PRICE,SEAT_STATUS,SHOW_ID) VALUES (22021,200,'Available',1022);
INSERT INTO LPU_MOVIE_SEAT(SEAT_ID,SEAT_PRICE,SEAT_STATUS,SHOW_ID) VALUES (22022,200,'Available',1022);
INSERT INTO LPU_MOVIE_SEAT(SEAT_ID,SEAT_PRICE,SEAT_STATUS,SHOW_ID) VALUES (22023,200,'Available',1022);
INSERT INTO LPU_MOVIE_SEAT(SEAT_ID,SEAT_PRICE,SEAT_STATUS,SHOW_ID) VALUES (22024,200,'Available',1022);
INSERT INTO LPU_MOVIE_SEAT(SEAT_ID,SEAT_PRICE,SEAT_STATUS,SHOW_ID) VALUES (22025,200,'Available',1022);
INSERT INTO LPU_MOVIE_SEAT(SEAT_ID,SEAT_PRICE,SEAT_STATUS,SHOW_ID) VALUES (22026,200,'Available',1022);
INSERT INTO LPU_MOVIE_SEAT(SEAT_ID,SEAT_PRICE,SEAT_STATUS,SHOW_ID) VALUES (22027,200,'Available',1022);
INSERT INTO LPU_MOVIE_SEAT(SEAT_ID,SEAT_PRICE,SEAT_STATUS,SHOW_ID) VALUES (22028,200,'Available',1022);
INSERT INTO LPU_MOVIE_SEAT(SEAT_ID,SEAT_PRICE,SEAT_STATUS,SHOW_ID) VALUES (22029,200,'Available',1022);
INSERT INTO LPU_MOVIE_SEAT(SEAT_ID,SEAT_PRICE,SEAT_STATUS,SHOW_ID) VALUES (22030,200,'Available',1022);
INSERT INTO LPU_MOVIE_SEAT(SEAT_ID,SEAT_PRICE,SEAT_STATUS,SHOW_ID) VALUES (22031,200,'Available',1022);
INSERT INTO LPU_MOVIE_SEAT(SEAT_ID,SEAT_PRICE,SEAT_STATUS,SHOW_ID) VALUES (22032,200,'Available',1022);
INSERT INTO LPU_MOVIE_SEAT(SEAT_ID,SEAT_PRICE,SEAT_STATUS,SHOW_ID) VALUES (22033,200,'Available',1022);
INSERT INTO LPU_MOVIE_SEAT(SEAT_ID,SEAT_PRICE,SEAT_STATUS,SHOW_ID) VALUES (22034,200,'Available',1022);
INSERT INTO LPU_MOVIE_SEAT(SEAT_ID,SEAT_PRICE,SEAT_STATUS,SHOW_ID) VALUES (22035,200,'Available',1022);
INSERT INTO LPU_MOVIE_SEAT(SEAT_ID,SEAT_PRICE,SEAT_STATUS,SHOW_ID) VALUES (22036,200,'Available',1022);


INSERT INTO LPU_MOVIE_SEAT(SEAT_ID,SEAT_PRICE,SEAT_STATUS,SHOW_ID) VALUES (23001,200,'Available',1023);
INSERT INTO LPU_MOVIE_SEAT(SEAT_ID,SEAT_PRICE,SEAT_STATUS,SHOW_ID) VALUES (23002,200,'Available',1023);
INSERT INTO LPU_MOVIE_SEAT(SEAT_ID,SEAT_PRICE,SEAT_STATUS,SHOW_ID) VALUES (23003,200,'Available',1023);
INSERT INTO LPU_MOVIE_SEAT(SEAT_ID,SEAT_PRICE,SEAT_STATUS,SHOW_ID) VALUES (23004,200,'Available',1023);
INSERT INTO LPU_MOVIE_SEAT(SEAT_ID,SEAT_PRICE,SEAT_STATUS,SHOW_ID) VALUES (23005,200,'Available',1023);
INSERT INTO LPU_MOVIE_SEAT(SEAT_ID,SEAT_PRICE,SEAT_STATUS,SHOW_ID) VALUES (23006,200,'Available',1023);
INSERT INTO LPU_MOVIE_SEAT(SEAT_ID,SEAT_PRICE,SEAT_STATUS,SHOW_ID) VALUES (23007,200,'Available',1023);
INSERT INTO LPU_MOVIE_SEAT(SEAT_ID,SEAT_PRICE,SEAT_STATUS,SHOW_ID) VALUES (23008,200,'Available',1023);
INSERT INTO LPU_MOVIE_SEAT(SEAT_ID,SEAT_PRICE,SEAT_STATUS,SHOW_ID) VALUES (23009,200,'Available',1023);
INSERT INTO LPU_MOVIE_SEAT(SEAT_ID,SEAT_PRICE,SEAT_STATUS,SHOW_ID) VALUES (23010,200,'Available',1023);
INSERT INTO LPU_MOVIE_SEAT(SEAT_ID,SEAT_PRICE,SEAT_STATUS,SHOW_ID) VALUES (23011,200,'Available',1023);
INSERT INTO LPU_MOVIE_SEAT(SEAT_ID,SEAT_PRICE,SEAT_STATUS,SHOW_ID) VALUES (23012,200,'Available',1023);
INSERT INTO LPU_MOVIE_SEAT(SEAT_ID,SEAT_PRICE,SEAT_STATUS,SHOW_ID) VALUES (23013,200,'Available',1023);
INSERT INTO LPU_MOVIE_SEAT(SEAT_ID,SEAT_PRICE,SEAT_STATUS,SHOW_ID) VALUES (23014,200,'Available',1023);
INSERT INTO LPU_MOVIE_SEAT(SEAT_ID,SEAT_PRICE,SEAT_STATUS,SHOW_ID) VALUES (23015,200,'Available',1023);
INSERT INTO LPU_MOVIE_SEAT(SEAT_ID,SEAT_PRICE,SEAT_STATUS,SHOW_ID) VALUES (23016,200,'Available',1023);
INSERT INTO LPU_MOVIE_SEAT(SEAT_ID,SEAT_PRICE,SEAT_STATUS,SHOW_ID) VALUES (23017,200,'Available',1023);
INSERT INTO LPU_MOVIE_SEAT(SEAT_ID,SEAT_PRICE,SEAT_STATUS,SHOW_ID) VALUES (23018,200,'Available',1023);
INSERT INTO LPU_MOVIE_SEAT(SEAT_ID,SEAT_PRICE,SEAT_STATUS,SHOW_ID) VALUES (23019,200,'Available',1023);
INSERT INTO LPU_MOVIE_SEAT(SEAT_ID,SEAT_PRICE,SEAT_STATUS,SHOW_ID) VALUES (23020,200,'Available',1023);
INSERT INTO LPU_MOVIE_SEAT(SEAT_ID,SEAT_PRICE,SEAT_STATUS,SHOW_ID) VALUES (23021,200,'Available',1023);
INSERT INTO LPU_MOVIE_SEAT(SEAT_ID,SEAT_PRICE,SEAT_STATUS,SHOW_ID) VALUES (23022,200,'Available',1023);
INSERT INTO LPU_MOVIE_SEAT(SEAT_ID,SEAT_PRICE,SEAT_STATUS,SHOW_ID) VALUES (23023,200,'Available',1023);
INSERT INTO LPU_MOVIE_SEAT(SEAT_ID,SEAT_PRICE,SEAT_STATUS,SHOW_ID) VALUES (23024,200,'Available',1023);
INSERT INTO LPU_MOVIE_SEAT(SEAT_ID,SEAT_PRICE,SEAT_STATUS,SHOW_ID) VALUES (23025,200,'Available',1023);
INSERT INTO LPU_MOVIE_SEAT(SEAT_ID,SEAT_PRICE,SEAT_STATUS,SHOW_ID) VALUES (23026,200,'Available',1023);
INSERT INTO LPU_MOVIE_SEAT(SEAT_ID,SEAT_PRICE,SEAT_STATUS,SHOW_ID) VALUES (23027,200,'Available',1023);
INSERT INTO LPU_MOVIE_SEAT(SEAT_ID,SEAT_PRICE,SEAT_STATUS,SHOW_ID) VALUES (23028,200,'Available',1023);
INSERT INTO LPU_MOVIE_SEAT(SEAT_ID,SEAT_PRICE,SEAT_STATUS,SHOW_ID) VALUES (23029,200,'Available',1023);
INSERT INTO LPU_MOVIE_SEAT(SEAT_ID,SEAT_PRICE,SEAT_STATUS,SHOW_ID) VALUES (23030,200,'Available',1023);
INSERT INTO LPU_MOVIE_SEAT(SEAT_ID,SEAT_PRICE,SEAT_STATUS,SHOW_ID) VALUES (23031,200,'Available',1023);
INSERT INTO LPU_MOVIE_SEAT(SEAT_ID,SEAT_PRICE,SEAT_STATUS,SHOW_ID) VALUES (23032,200,'Available',1023);
INSERT INTO LPU_MOVIE_SEAT(SEAT_ID,SEAT_PRICE,SEAT_STATUS,SHOW_ID) VALUES (23033,200,'Available',1023);
INSERT INTO LPU_MOVIE_SEAT(SEAT_ID,SEAT_PRICE,SEAT_STATUS,SHOW_ID) VALUES (23034,200,'Available',1023);
INSERT INTO LPU_MOVIE_SEAT(SEAT_ID,SEAT_PRICE,SEAT_STATUS,SHOW_ID) VALUES (23035,200,'Available',1023);
INSERT INTO LPU_MOVIE_SEAT(SEAT_ID,SEAT_PRICE,SEAT_STATUS,SHOW_ID) VALUES (23036,200,'Available',1023);


INSERT INTO LPU_MOVIE_SEAT(SEAT_ID,SEAT_PRICE,SEAT_STATUS,SHOW_ID) VALUES (24001,200,'Available',1024);
INSERT INTO LPU_MOVIE_SEAT(SEAT_ID,SEAT_PRICE,SEAT_STATUS,SHOW_ID) VALUES (24002,200,'Available',1024);
INSERT INTO LPU_MOVIE_SEAT(SEAT_ID,SEAT_PRICE,SEAT_STATUS,SHOW_ID) VALUES (24003,200,'Available',1024);
INSERT INTO LPU_MOVIE_SEAT(SEAT_ID,SEAT_PRICE,SEAT_STATUS,SHOW_ID) VALUES (24004,200,'Available',1024);
INSERT INTO LPU_MOVIE_SEAT(SEAT_ID,SEAT_PRICE,SEAT_STATUS,SHOW_ID) VALUES (24005,200,'Available',1024);
INSERT INTO LPU_MOVIE_SEAT(SEAT_ID,SEAT_PRICE,SEAT_STATUS,SHOW_ID) VALUES (24006,200,'Available',1024);
INSERT INTO LPU_MOVIE_SEAT(SEAT_ID,SEAT_PRICE,SEAT_STATUS,SHOW_ID) VALUES (24007,200,'Available',1024);
INSERT INTO LPU_MOVIE_SEAT(SEAT_ID,SEAT_PRICE,SEAT_STATUS,SHOW_ID) VALUES (24008,200,'Available',1024);
INSERT INTO LPU_MOVIE_SEAT(SEAT_ID,SEAT_PRICE,SEAT_STATUS,SHOW_ID) VALUES (24009,200,'Available',1024);
INSERT INTO LPU_MOVIE_SEAT(SEAT_ID,SEAT_PRICE,SEAT_STATUS,SHOW_ID) VALUES (24010,200,'Available',1024);
INSERT INTO LPU_MOVIE_SEAT(SEAT_ID,SEAT_PRICE,SEAT_STATUS,SHOW_ID) VALUES (24011,200,'Available',1024);
INSERT INTO LPU_MOVIE_SEAT(SEAT_ID,SEAT_PRICE,SEAT_STATUS,SHOW_ID) VALUES (24012,200,'Available',1024);
INSERT INTO LPU_MOVIE_SEAT(SEAT_ID,SEAT_PRICE,SEAT_STATUS,SHOW_ID) VALUES (24013,200,'Available',1024);
INSERT INTO LPU_MOVIE_SEAT(SEAT_ID,SEAT_PRICE,SEAT_STATUS,SHOW_ID) VALUES (24014,200,'Available',1024);
INSERT INTO LPU_MOVIE_SEAT(SEAT_ID,SEAT_PRICE,SEAT_STATUS,SHOW_ID) VALUES (24015,200,'Available',1024);
INSERT INTO LPU_MOVIE_SEAT(SEAT_ID,SEAT_PRICE,SEAT_STATUS,SHOW_ID) VALUES (24016,200,'Available',1024);
INSERT INTO LPU_MOVIE_SEAT(SEAT_ID,SEAT_PRICE,SEAT_STATUS,SHOW_ID) VALUES (24017,200,'Available',1024);
INSERT INTO LPU_MOVIE_SEAT(SEAT_ID,SEAT_PRICE,SEAT_STATUS,SHOW_ID) VALUES (24018,200,'Available',1024);
INSERT INTO LPU_MOVIE_SEAT(SEAT_ID,SEAT_PRICE,SEAT_STATUS,SHOW_ID) VALUES (24019,200,'Available',1024);
INSERT INTO LPU_MOVIE_SEAT(SEAT_ID,SEAT_PRICE,SEAT_STATUS,SHOW_ID) VALUES (24020,200,'Available',1024);
INSERT INTO LPU_MOVIE_SEAT(SEAT_ID,SEAT_PRICE,SEAT_STATUS,SHOW_ID) VALUES (24021,200,'Available',1024);
INSERT INTO LPU_MOVIE_SEAT(SEAT_ID,SEAT_PRICE,SEAT_STATUS,SHOW_ID) VALUES (24022,200,'Available',1024);
INSERT INTO LPU_MOVIE_SEAT(SEAT_ID,SEAT_PRICE,SEAT_STATUS,SHOW_ID) VALUES (24023,200,'Available',1024);
INSERT INTO LPU_MOVIE_SEAT(SEAT_ID,SEAT_PRICE,SEAT_STATUS,SHOW_ID) VALUES (24024,200,'Available',1024);
INSERT INTO LPU_MOVIE_SEAT(SEAT_ID,SEAT_PRICE,SEAT_STATUS,SHOW_ID) VALUES (24025,200,'Available',1024);
INSERT INTO LPU_MOVIE_SEAT(SEAT_ID,SEAT_PRICE,SEAT_STATUS,SHOW_ID) VALUES (24026,200,'Available',1024);
INSERT INTO LPU_MOVIE_SEAT(SEAT_ID,SEAT_PRICE,SEAT_STATUS,SHOW_ID) VALUES (24027,200,'Available',1024);
INSERT INTO LPU_MOVIE_SEAT(SEAT_ID,SEAT_PRICE,SEAT_STATUS,SHOW_ID) VALUES (24028,200,'Available',1024);
INSERT INTO LPU_MOVIE_SEAT(SEAT_ID,SEAT_PRICE,SEAT_STATUS,SHOW_ID) VALUES (24029,200,'Available',1024);
INSERT INTO LPU_MOVIE_SEAT(SEAT_ID,SEAT_PRICE,SEAT_STATUS,SHOW_ID) VALUES (24030,200,'Available',1024);
INSERT INTO LPU_MOVIE_SEAT(SEAT_ID,SEAT_PRICE,SEAT_STATUS,SHOW_ID) VALUES (24031,200,'Available',1024);
INSERT INTO LPU_MOVIE_SEAT(SEAT_ID,SEAT_PRICE,SEAT_STATUS,SHOW_ID) VALUES (24032,200,'Available',1024);
INSERT INTO LPU_MOVIE_SEAT(SEAT_ID,SEAT_PRICE,SEAT_STATUS,SHOW_ID) VALUES (24033,200,'Available',1024);
INSERT INTO LPU_MOVIE_SEAT(SEAT_ID,SEAT_PRICE,SEAT_STATUS,SHOW_ID) VALUES (24034,200,'Available',1024);
INSERT INTO LPU_MOVIE_SEAT(SEAT_ID,SEAT_PRICE,SEAT_STATUS,SHOW_ID) VALUES (24035,200,'Available',1024);
INSERT INTO LPU_MOVIE_SEAT(SEAT_ID,SEAT_PRICE,SEAT_STATUS,SHOW_ID) VALUES (24036,200,'Available',1024);


INSERT INTO LPU_MOVIE_SEAT(SEAT_ID,SEAT_PRICE,SEAT_STATUS,SHOW_ID) VALUES (25001,200,'Available',1025);
INSERT INTO LPU_MOVIE_SEAT(SEAT_ID,SEAT_PRICE,SEAT_STATUS,SHOW_ID) VALUES (25002,200,'Available',1025);
INSERT INTO LPU_MOVIE_SEAT(SEAT_ID,SEAT_PRICE,SEAT_STATUS,SHOW_ID) VALUES (25003,200,'Available',1025);
INSERT INTO LPU_MOVIE_SEAT(SEAT_ID,SEAT_PRICE,SEAT_STATUS,SHOW_ID) VALUES (25004,200,'Available',1025);
INSERT INTO LPU_MOVIE_SEAT(SEAT_ID,SEAT_PRICE,SEAT_STATUS,SHOW_ID) VALUES (25005,200,'Available',1025);
INSERT INTO LPU_MOVIE_SEAT(SEAT_ID,SEAT_PRICE,SEAT_STATUS,SHOW_ID) VALUES (25006,200,'Available',1025);
INSERT INTO LPU_MOVIE_SEAT(SEAT_ID,SEAT_PRICE,SEAT_STATUS,SHOW_ID) VALUES (25007,200,'Available',1025);
INSERT INTO LPU_MOVIE_SEAT(SEAT_ID,SEAT_PRICE,SEAT_STATUS,SHOW_ID) VALUES (25008,200,'Available',1025);
INSERT INTO LPU_MOVIE_SEAT(SEAT_ID,SEAT_PRICE,SEAT_STATUS,SHOW_ID) VALUES (25009,200,'Available',1025);
INSERT INTO LPU_MOVIE_SEAT(SEAT_ID,SEAT_PRICE,SEAT_STATUS,SHOW_ID) VALUES (25010,200,'Available',1025);
INSERT INTO LPU_MOVIE_SEAT(SEAT_ID,SEAT_PRICE,SEAT_STATUS,SHOW_ID) VALUES (25011,200,'Available',1025);
INSERT INTO LPU_MOVIE_SEAT(SEAT_ID,SEAT_PRICE,SEAT_STATUS,SHOW_ID) VALUES (25012,200,'Available',1025);
INSERT INTO LPU_MOVIE_SEAT(SEAT_ID,SEAT_PRICE,SEAT_STATUS,SHOW_ID) VALUES (25013,200,'Available',1025);
INSERT INTO LPU_MOVIE_SEAT(SEAT_ID,SEAT_PRICE,SEAT_STATUS,SHOW_ID) VALUES (25014,200,'Available',1025);
INSERT INTO LPU_MOVIE_SEAT(SEAT_ID,SEAT_PRICE,SEAT_STATUS,SHOW_ID) VALUES (25015,200,'Available',1025);
INSERT INTO LPU_MOVIE_SEAT(SEAT_ID,SEAT_PRICE,SEAT_STATUS,SHOW_ID) VALUES (25016,200,'Available',1025);
INSERT INTO LPU_MOVIE_SEAT(SEAT_ID,SEAT_PRICE,SEAT_STATUS,SHOW_ID) VALUES (25017,200,'Available',1025);
INSERT INTO LPU_MOVIE_SEAT(SEAT_ID,SEAT_PRICE,SEAT_STATUS,SHOW_ID) VALUES (25018,200,'Available',1025);
INSERT INTO LPU_MOVIE_SEAT(SEAT_ID,SEAT_PRICE,SEAT_STATUS,SHOW_ID) VALUES (25019,200,'Available',1025);
INSERT INTO LPU_MOVIE_SEAT(SEAT_ID,SEAT_PRICE,SEAT_STATUS,SHOW_ID) VALUES (25020,200,'Available',1025);
INSERT INTO LPU_MOVIE_SEAT(SEAT_ID,SEAT_PRICE,SEAT_STATUS,SHOW_ID) VALUES (25021,200,'Available',1025);
INSERT INTO LPU_MOVIE_SEAT(SEAT_ID,SEAT_PRICE,SEAT_STATUS,SHOW_ID) VALUES (25022,200,'Available',1025);
INSERT INTO LPU_MOVIE_SEAT(SEAT_ID,SEAT_PRICE,SEAT_STATUS,SHOW_ID) VALUES (25023,200,'Available',1025);
INSERT INTO LPU_MOVIE_SEAT(SEAT_ID,SEAT_PRICE,SEAT_STATUS,SHOW_ID) VALUES (25024,200,'Available',1025);
INSERT INTO LPU_MOVIE_SEAT(SEAT_ID,SEAT_PRICE,SEAT_STATUS,SHOW_ID) VALUES (25025,200,'Available',1025);
INSERT INTO LPU_MOVIE_SEAT(SEAT_ID,SEAT_PRICE,SEAT_STATUS,SHOW_ID) VALUES (25026,200,'Available',1025);
INSERT INTO LPU_MOVIE_SEAT(SEAT_ID,SEAT_PRICE,SEAT_STATUS,SHOW_ID) VALUES (25027,200,'Available',1025);
INSERT INTO LPU_MOVIE_SEAT(SEAT_ID,SEAT_PRICE,SEAT_STATUS,SHOW_ID) VALUES (25028,200,'Available',1025);
INSERT INTO LPU_MOVIE_SEAT(SEAT_ID,SEAT_PRICE,SEAT_STATUS,SHOW_ID) VALUES (25029,200,'Available',1025);
INSERT INTO LPU_MOVIE_SEAT(SEAT_ID,SEAT_PRICE,SEAT_STATUS,SHOW_ID) VALUES (25030,200,'Available',1025);
INSERT INTO LPU_MOVIE_SEAT(SEAT_ID,SEAT_PRICE,SEAT_STATUS,SHOW_ID) VALUES (25031,200,'Available',1025);
INSERT INTO LPU_MOVIE_SEAT(SEAT_ID,SEAT_PRICE,SEAT_STATUS,SHOW_ID) VALUES (25032,200,'Available',1025);
INSERT INTO LPU_MOVIE_SEAT(SEAT_ID,SEAT_PRICE,SEAT_STATUS,SHOW_ID) VALUES (25033,200,'Available',1025);
INSERT INTO LPU_MOVIE_SEAT(SEAT_ID,SEAT_PRICE,SEAT_STATUS,SHOW_ID) VALUES (25034,200,'Available',1025);
INSERT INTO LPU_MOVIE_SEAT(SEAT_ID,SEAT_PRICE,SEAT_STATUS,SHOW_ID) VALUES (25035,200,'Available',1025);
INSERT INTO LPU_MOVIE_SEAT(SEAT_ID,SEAT_PRICE,SEAT_STATUS,SHOW_ID) VALUES (25036,200,'Available',1025);


INSERT INTO LPU_MOVIE_SEAT(SEAT_ID,SEAT_PRICE,SEAT_STATUS,SHOW_ID) VALUES (26001,200,'Available',1026);
INSERT INTO LPU_MOVIE_SEAT(SEAT_ID,SEAT_PRICE,SEAT_STATUS,SHOW_ID) VALUES (26002,200,'Available',1026);
INSERT INTO LPU_MOVIE_SEAT(SEAT_ID,SEAT_PRICE,SEAT_STATUS,SHOW_ID) VALUES (26003,200,'Available',1026);
INSERT INTO LPU_MOVIE_SEAT(SEAT_ID,SEAT_PRICE,SEAT_STATUS,SHOW_ID) VALUES (26004,200,'Available',1026);
INSERT INTO LPU_MOVIE_SEAT(SEAT_ID,SEAT_PRICE,SEAT_STATUS,SHOW_ID) VALUES (26005,200,'Available',1026);
INSERT INTO LPU_MOVIE_SEAT(SEAT_ID,SEAT_PRICE,SEAT_STATUS,SHOW_ID) VALUES (26006,200,'Available',1026);
INSERT INTO LPU_MOVIE_SEAT(SEAT_ID,SEAT_PRICE,SEAT_STATUS,SHOW_ID) VALUES (26007,200,'Available',1026);
INSERT INTO LPU_MOVIE_SEAT(SEAT_ID,SEAT_PRICE,SEAT_STATUS,SHOW_ID) VALUES (26008,200,'Available',1026);
INSERT INTO LPU_MOVIE_SEAT(SEAT_ID,SEAT_PRICE,SEAT_STATUS,SHOW_ID) VALUES (26009,200,'Available',1026);
INSERT INTO LPU_MOVIE_SEAT(SEAT_ID,SEAT_PRICE,SEAT_STATUS,SHOW_ID) VALUES (26010,200,'Available',1026);
INSERT INTO LPU_MOVIE_SEAT(SEAT_ID,SEAT_PRICE,SEAT_STATUS,SHOW_ID) VALUES (26011,200,'Available',1026);
INSERT INTO LPU_MOVIE_SEAT(SEAT_ID,SEAT_PRICE,SEAT_STATUS,SHOW_ID) VALUES (26012,200,'Available',1026);
INSERT INTO LPU_MOVIE_SEAT(SEAT_ID,SEAT_PRICE,SEAT_STATUS,SHOW_ID) VALUES (26013,200,'Available',1026);
INSERT INTO LPU_MOVIE_SEAT(SEAT_ID,SEAT_PRICE,SEAT_STATUS,SHOW_ID) VALUES (26014,200,'Available',1026);
INSERT INTO LPU_MOVIE_SEAT(SEAT_ID,SEAT_PRICE,SEAT_STATUS,SHOW_ID) VALUES (26015,200,'Available',1026);
INSERT INTO LPU_MOVIE_SEAT(SEAT_ID,SEAT_PRICE,SEAT_STATUS,SHOW_ID) VALUES (26016,200,'Available',1026);
INSERT INTO LPU_MOVIE_SEAT(SEAT_ID,SEAT_PRICE,SEAT_STATUS,SHOW_ID) VALUES (26017,200,'Available',1026);
INSERT INTO LPU_MOVIE_SEAT(SEAT_ID,SEAT_PRICE,SEAT_STATUS,SHOW_ID) VALUES (26018,200,'Available',1026);
INSERT INTO LPU_MOVIE_SEAT(SEAT_ID,SEAT_PRICE,SEAT_STATUS,SHOW_ID) VALUES (26019,200,'Available',1026);
INSERT INTO LPU_MOVIE_SEAT(SEAT_ID,SEAT_PRICE,SEAT_STATUS,SHOW_ID) VALUES (26020,200,'Available',1026);
INSERT INTO LPU_MOVIE_SEAT(SEAT_ID,SEAT_PRICE,SEAT_STATUS,SHOW_ID) VALUES (26021,200,'Available',1026);
INSERT INTO LPU_MOVIE_SEAT(SEAT_ID,SEAT_PRICE,SEAT_STATUS,SHOW_ID) VALUES (26022,200,'Available',1026);
INSERT INTO LPU_MOVIE_SEAT(SEAT_ID,SEAT_PRICE,SEAT_STATUS,SHOW_ID) VALUES (26023,200,'Available',1026);
INSERT INTO LPU_MOVIE_SEAT(SEAT_ID,SEAT_PRICE,SEAT_STATUS,SHOW_ID) VALUES (26024,200,'Available',1026);
INSERT INTO LPU_MOVIE_SEAT(SEAT_ID,SEAT_PRICE,SEAT_STATUS,SHOW_ID) VALUES (26025,200,'Available',1026);
INSERT INTO LPU_MOVIE_SEAT(SEAT_ID,SEAT_PRICE,SEAT_STATUS,SHOW_ID) VALUES (26026,200,'Available',1026);
INSERT INTO LPU_MOVIE_SEAT(SEAT_ID,SEAT_PRICE,SEAT_STATUS,SHOW_ID) VALUES (26027,200,'Available',1026);
INSERT INTO LPU_MOVIE_SEAT(SEAT_ID,SEAT_PRICE,SEAT_STATUS,SHOW_ID) VALUES (26028,200,'Available',1026);
INSERT INTO LPU_MOVIE_SEAT(SEAT_ID,SEAT_PRICE,SEAT_STATUS,SHOW_ID) VALUES (26029,200,'Available',1026);
INSERT INTO LPU_MOVIE_SEAT(SEAT_ID,SEAT_PRICE,SEAT_STATUS,SHOW_ID) VALUES (26030,200,'Available',1026);
INSERT INTO LPU_MOVIE_SEAT(SEAT_ID,SEAT_PRICE,SEAT_STATUS,SHOW_ID) VALUES (26031,200,'Available',1026);
INSERT INTO LPU_MOVIE_SEAT(SEAT_ID,SEAT_PRICE,SEAT_STATUS,SHOW_ID) VALUES (26032,200,'Available',1026);
INSERT INTO LPU_MOVIE_SEAT(SEAT_ID,SEAT_PRICE,SEAT_STATUS,SHOW_ID) VALUES (26033,200,'Available',1026);
INSERT INTO LPU_MOVIE_SEAT(SEAT_ID,SEAT_PRICE,SEAT_STATUS,SHOW_ID) VALUES (26034,200,'Available',1026);
INSERT INTO LPU_MOVIE_SEAT(SEAT_ID,SEAT_PRICE,SEAT_STATUS,SHOW_ID) VALUES (26035,200,'Available',1026);
INSERT INTO LPU_MOVIE_SEAT(SEAT_ID,SEAT_PRICE,SEAT_STATUS,SHOW_ID) VALUES (26036,200,'Available',1026);



INSERT INTO LPU_MOVIE_SEAT(SEAT_ID,SEAT_PRICE,SEAT_STATUS,SHOW_ID) VALUES (27001,200,'Available',1027);
INSERT INTO LPU_MOVIE_SEAT(SEAT_ID,SEAT_PRICE,SEAT_STATUS,SHOW_ID) VALUES (27002,200,'Available',1027);
INSERT INTO LPU_MOVIE_SEAT(SEAT_ID,SEAT_PRICE,SEAT_STATUS,SHOW_ID) VALUES (27003,200,'Available',1027);
INSERT INTO LPU_MOVIE_SEAT(SEAT_ID,SEAT_PRICE,SEAT_STATUS,SHOW_ID) VALUES (27004,200,'Available',1027);
INSERT INTO LPU_MOVIE_SEAT(SEAT_ID,SEAT_PRICE,SEAT_STATUS,SHOW_ID) VALUES (27005,200,'Available',1027);
INSERT INTO LPU_MOVIE_SEAT(SEAT_ID,SEAT_PRICE,SEAT_STATUS,SHOW_ID) VALUES (27006,200,'Available',1027);
INSERT INTO LPU_MOVIE_SEAT(SEAT_ID,SEAT_PRICE,SEAT_STATUS,SHOW_ID) VALUES (27007,200,'Available',1027);
INSERT INTO LPU_MOVIE_SEAT(SEAT_ID,SEAT_PRICE,SEAT_STATUS,SHOW_ID) VALUES (27008,200,'Available',1027);
INSERT INTO LPU_MOVIE_SEAT(SEAT_ID,SEAT_PRICE,SEAT_STATUS,SHOW_ID) VALUES (27009,200,'Available',1027);
INSERT INTO LPU_MOVIE_SEAT(SEAT_ID,SEAT_PRICE,SEAT_STATUS,SHOW_ID) VALUES (27010,200,'Available',1027);
INSERT INTO LPU_MOVIE_SEAT(SEAT_ID,SEAT_PRICE,SEAT_STATUS,SHOW_ID) VALUES (27011,200,'Available',1027);
INSERT INTO LPU_MOVIE_SEAT(SEAT_ID,SEAT_PRICE,SEAT_STATUS,SHOW_ID) VALUES (27012,200,'Available',1027);
INSERT INTO LPU_MOVIE_SEAT(SEAT_ID,SEAT_PRICE,SEAT_STATUS,SHOW_ID) VALUES (27013,200,'Available',1027);
INSERT INTO LPU_MOVIE_SEAT(SEAT_ID,SEAT_PRICE,SEAT_STATUS,SHOW_ID) VALUES (27014,200,'Available',1027);
INSERT INTO LPU_MOVIE_SEAT(SEAT_ID,SEAT_PRICE,SEAT_STATUS,SHOW_ID) VALUES (27015,200,'Available',1027);
INSERT INTO LPU_MOVIE_SEAT(SEAT_ID,SEAT_PRICE,SEAT_STATUS,SHOW_ID) VALUES (27016,200,'Available',1027);
INSERT INTO LPU_MOVIE_SEAT(SEAT_ID,SEAT_PRICE,SEAT_STATUS,SHOW_ID) VALUES (27017,200,'Available',1027);
INSERT INTO LPU_MOVIE_SEAT(SEAT_ID,SEAT_PRICE,SEAT_STATUS,SHOW_ID) VALUES (27018,200,'Available',1027);
INSERT INTO LPU_MOVIE_SEAT(SEAT_ID,SEAT_PRICE,SEAT_STATUS,SHOW_ID) VALUES (27019,200,'Available',1027);
INSERT INTO LPU_MOVIE_SEAT(SEAT_ID,SEAT_PRICE,SEAT_STATUS,SHOW_ID) VALUES (27020,200,'Available',1027);
INSERT INTO LPU_MOVIE_SEAT(SEAT_ID,SEAT_PRICE,SEAT_STATUS,SHOW_ID) VALUES (27021,200,'Available',1027);
INSERT INTO LPU_MOVIE_SEAT(SEAT_ID,SEAT_PRICE,SEAT_STATUS,SHOW_ID) VALUES (27022,200,'Available',1027);
INSERT INTO LPU_MOVIE_SEAT(SEAT_ID,SEAT_PRICE,SEAT_STATUS,SHOW_ID) VALUES (27023,200,'Available',1027);
INSERT INTO LPU_MOVIE_SEAT(SEAT_ID,SEAT_PRICE,SEAT_STATUS,SHOW_ID) VALUES (27024,200,'Available',1027);
INSERT INTO LPU_MOVIE_SEAT(SEAT_ID,SEAT_PRICE,SEAT_STATUS,SHOW_ID) VALUES (27025,200,'Available',1027);
INSERT INTO LPU_MOVIE_SEAT(SEAT_ID,SEAT_PRICE,SEAT_STATUS,SHOW_ID) VALUES (27026,200,'Available',1027);
INSERT INTO LPU_MOVIE_SEAT(SEAT_ID,SEAT_PRICE,SEAT_STATUS,SHOW_ID) VALUES (27027,200,'Available',1027);
INSERT INTO LPU_MOVIE_SEAT(SEAT_ID,SEAT_PRICE,SEAT_STATUS,SHOW_ID) VALUES (27028,200,'Available',1027);
INSERT INTO LPU_MOVIE_SEAT(SEAT_ID,SEAT_PRICE,SEAT_STATUS,SHOW_ID) VALUES (27029,200,'Available',1027);
INSERT INTO LPU_MOVIE_SEAT(SEAT_ID,SEAT_PRICE,SEAT_STATUS,SHOW_ID) VALUES (27030,200,'Available',1027);
INSERT INTO LPU_MOVIE_SEAT(SEAT_ID,SEAT_PRICE,SEAT_STATUS,SHOW_ID) VALUES (27031,200,'Available',1027);
INSERT INTO LPU_MOVIE_SEAT(SEAT_ID,SEAT_PRICE,SEAT_STATUS,SHOW_ID) VALUES (27032,200,'Available',1027);
INSERT INTO LPU_MOVIE_SEAT(SEAT_ID,SEAT_PRICE,SEAT_STATUS,SHOW_ID) VALUES (27033,200,'Available',1027);
INSERT INTO LPU_MOVIE_SEAT(SEAT_ID,SEAT_PRICE,SEAT_STATUS,SHOW_ID) VALUES (27034,200,'Available',1027);
INSERT INTO LPU_MOVIE_SEAT(SEAT_ID,SEAT_PRICE,SEAT_STATUS,SHOW_ID) VALUES (27035,200,'Available',1027);
INSERT INTO LPU_MOVIE_SEAT(SEAT_ID,SEAT_PRICE,SEAT_STATUS,SHOW_ID) VALUES (27036,200,'Available',1027);


INSERT INTO LPU_MOVIE_SEAT(SEAT_ID,SEAT_PRICE,SEAT_STATUS,SHOW_ID) VALUES (28001,200,'Available',1028);
INSERT INTO LPU_MOVIE_SEAT(SEAT_ID,SEAT_PRICE,SEAT_STATUS,SHOW_ID) VALUES (28002,200,'Available',1028);
INSERT INTO LPU_MOVIE_SEAT(SEAT_ID,SEAT_PRICE,SEAT_STATUS,SHOW_ID) VALUES (28003,200,'Available',1028);
INSERT INTO LPU_MOVIE_SEAT(SEAT_ID,SEAT_PRICE,SEAT_STATUS,SHOW_ID) VALUES (28004,200,'Available',1028);
INSERT INTO LPU_MOVIE_SEAT(SEAT_ID,SEAT_PRICE,SEAT_STATUS,SHOW_ID) VALUES (28005,200,'Available',1028);
INSERT INTO LPU_MOVIE_SEAT(SEAT_ID,SEAT_PRICE,SEAT_STATUS,SHOW_ID) VALUES (28006,200,'Available',1028);
INSERT INTO LPU_MOVIE_SEAT(SEAT_ID,SEAT_PRICE,SEAT_STATUS,SHOW_ID) VALUES (28007,200,'Available',1028);
INSERT INTO LPU_MOVIE_SEAT(SEAT_ID,SEAT_PRICE,SEAT_STATUS,SHOW_ID) VALUES (28008,200,'Available',1028);
INSERT INTO LPU_MOVIE_SEAT(SEAT_ID,SEAT_PRICE,SEAT_STATUS,SHOW_ID) VALUES (28009,200,'Available',1028);
INSERT INTO LPU_MOVIE_SEAT(SEAT_ID,SEAT_PRICE,SEAT_STATUS,SHOW_ID) VALUES (28010,200,'Available',1028);
INSERT INTO LPU_MOVIE_SEAT(SEAT_ID,SEAT_PRICE,SEAT_STATUS,SHOW_ID) VALUES (28011,200,'Available',1028);
INSERT INTO LPU_MOVIE_SEAT(SEAT_ID,SEAT_PRICE,SEAT_STATUS,SHOW_ID) VALUES (28012,200,'Available',1028);
INSERT INTO LPU_MOVIE_SEAT(SEAT_ID,SEAT_PRICE,SEAT_STATUS,SHOW_ID) VALUES (28013,200,'Available',1028);
INSERT INTO LPU_MOVIE_SEAT(SEAT_ID,SEAT_PRICE,SEAT_STATUS,SHOW_ID) VALUES (28014,200,'Available',1028);
INSERT INTO LPU_MOVIE_SEAT(SEAT_ID,SEAT_PRICE,SEAT_STATUS,SHOW_ID) VALUES (28015,200,'Available',1028);
INSERT INTO LPU_MOVIE_SEAT(SEAT_ID,SEAT_PRICE,SEAT_STATUS,SHOW_ID) VALUES (28016,200,'Available',1028);
INSERT INTO LPU_MOVIE_SEAT(SEAT_ID,SEAT_PRICE,SEAT_STATUS,SHOW_ID) VALUES (28017,200,'Available',1028);
INSERT INTO LPU_MOVIE_SEAT(SEAT_ID,SEAT_PRICE,SEAT_STATUS,SHOW_ID) VALUES (28018,200,'Available',1028);
INSERT INTO LPU_MOVIE_SEAT(SEAT_ID,SEAT_PRICE,SEAT_STATUS,SHOW_ID) VALUES (28019,200,'Available',1028);
INSERT INTO LPU_MOVIE_SEAT(SEAT_ID,SEAT_PRICE,SEAT_STATUS,SHOW_ID) VALUES (28020,200,'Available',1028);
INSERT INTO LPU_MOVIE_SEAT(SEAT_ID,SEAT_PRICE,SEAT_STATUS,SHOW_ID) VALUES (28021,200,'Available',1028);
INSERT INTO LPU_MOVIE_SEAT(SEAT_ID,SEAT_PRICE,SEAT_STATUS,SHOW_ID) VALUES (28022,200,'Available',1028);
INSERT INTO LPU_MOVIE_SEAT(SEAT_ID,SEAT_PRICE,SEAT_STATUS,SHOW_ID) VALUES (28023,200,'Available',1028);
INSERT INTO LPU_MOVIE_SEAT(SEAT_ID,SEAT_PRICE,SEAT_STATUS,SHOW_ID) VALUES (28024,200,'Available',1028);
INSERT INTO LPU_MOVIE_SEAT(SEAT_ID,SEAT_PRICE,SEAT_STATUS,SHOW_ID) VALUES (28025,200,'Available',1028);
INSERT INTO LPU_MOVIE_SEAT(SEAT_ID,SEAT_PRICE,SEAT_STATUS,SHOW_ID) VALUES (28026,200,'Available',1028);
INSERT INTO LPU_MOVIE_SEAT(SEAT_ID,SEAT_PRICE,SEAT_STATUS,SHOW_ID) VALUES (28027,200,'Available',1028);
INSERT INTO LPU_MOVIE_SEAT(SEAT_ID,SEAT_PRICE,SEAT_STATUS,SHOW_ID) VALUES (28028,200,'Available',1028);
INSERT INTO LPU_MOVIE_SEAT(SEAT_ID,SEAT_PRICE,SEAT_STATUS,SHOW_ID) VALUES (28029,200,'Available',1028);
INSERT INTO LPU_MOVIE_SEAT(SEAT_ID,SEAT_PRICE,SEAT_STATUS,SHOW_ID) VALUES (28030,200,'Available',1028);
INSERT INTO LPU_MOVIE_SEAT(SEAT_ID,SEAT_PRICE,SEAT_STATUS,SHOW_ID) VALUES (28031,200,'Available',1028);
INSERT INTO LPU_MOVIE_SEAT(SEAT_ID,SEAT_PRICE,SEAT_STATUS,SHOW_ID) VALUES (28032,200,'Available',1028);
INSERT INTO LPU_MOVIE_SEAT(SEAT_ID,SEAT_PRICE,SEAT_STATUS,SHOW_ID) VALUES (28033,200,'Available',1028);
INSERT INTO LPU_MOVIE_SEAT(SEAT_ID,SEAT_PRICE,SEAT_STATUS,SHOW_ID) VALUES (28034,200,'Available',1028);
INSERT INTO LPU_MOVIE_SEAT(SEAT_ID,SEAT_PRICE,SEAT_STATUS,SHOW_ID) VALUES (28035,200,'Available',1028);
INSERT INTO LPU_MOVIE_SEAT(SEAT_ID,SEAT_PRICE,SEAT_STATUS,SHOW_ID) VALUES (28036,200,'Available',1028);


INSERT INTO LPU_MOVIE_SEAT(SEAT_ID,SEAT_PRICE,SEAT_STATUS,SHOW_ID) VALUES (29001,200,'Available',1029);
INSERT INTO LPU_MOVIE_SEAT(SEAT_ID,SEAT_PRICE,SEAT_STATUS,SHOW_ID) VALUES (29002,200,'Available',1029);
INSERT INTO LPU_MOVIE_SEAT(SEAT_ID,SEAT_PRICE,SEAT_STATUS,SHOW_ID) VALUES (29003,200,'Available',1029);
INSERT INTO LPU_MOVIE_SEAT(SEAT_ID,SEAT_PRICE,SEAT_STATUS,SHOW_ID) VALUES (29004,200,'Available',1029);
INSERT INTO LPU_MOVIE_SEAT(SEAT_ID,SEAT_PRICE,SEAT_STATUS,SHOW_ID) VALUES (29005,200,'Available',1029);
INSERT INTO LPU_MOVIE_SEAT(SEAT_ID,SEAT_PRICE,SEAT_STATUS,SHOW_ID) VALUES (29006,200,'Available',1029);
INSERT INTO LPU_MOVIE_SEAT(SEAT_ID,SEAT_PRICE,SEAT_STATUS,SHOW_ID) VALUES (29007,200,'Available',1029);
INSERT INTO LPU_MOVIE_SEAT(SEAT_ID,SEAT_PRICE,SEAT_STATUS,SHOW_ID) VALUES (29008,200,'Available',1029);
INSERT INTO LPU_MOVIE_SEAT(SEAT_ID,SEAT_PRICE,SEAT_STATUS,SHOW_ID) VALUES (29009,200,'Available',1029);
INSERT INTO LPU_MOVIE_SEAT(SEAT_ID,SEAT_PRICE,SEAT_STATUS,SHOW_ID) VALUES (29010,200,'Available',1029);
INSERT INTO LPU_MOVIE_SEAT(SEAT_ID,SEAT_PRICE,SEAT_STATUS,SHOW_ID) VALUES (29011,200,'Available',1029);
INSERT INTO LPU_MOVIE_SEAT(SEAT_ID,SEAT_PRICE,SEAT_STATUS,SHOW_ID) VALUES (29012,200,'Available',1029);
INSERT INTO LPU_MOVIE_SEAT(SEAT_ID,SEAT_PRICE,SEAT_STATUS,SHOW_ID) VALUES (29013,200,'Available',1029);
INSERT INTO LPU_MOVIE_SEAT(SEAT_ID,SEAT_PRICE,SEAT_STATUS,SHOW_ID) VALUES (29014,200,'Available',1029);
INSERT INTO LPU_MOVIE_SEAT(SEAT_ID,SEAT_PRICE,SEAT_STATUS,SHOW_ID) VALUES (29015,200,'Available',1029);
INSERT INTO LPU_MOVIE_SEAT(SEAT_ID,SEAT_PRICE,SEAT_STATUS,SHOW_ID) VALUES (29016,200,'Available',1029);
INSERT INTO LPU_MOVIE_SEAT(SEAT_ID,SEAT_PRICE,SEAT_STATUS,SHOW_ID) VALUES (29017,200,'Available',1029);
INSERT INTO LPU_MOVIE_SEAT(SEAT_ID,SEAT_PRICE,SEAT_STATUS,SHOW_ID) VALUES (29018,200,'Available',1029);
INSERT INTO LPU_MOVIE_SEAT(SEAT_ID,SEAT_PRICE,SEAT_STATUS,SHOW_ID) VALUES (29019,200,'Available',1029);
INSERT INTO LPU_MOVIE_SEAT(SEAT_ID,SEAT_PRICE,SEAT_STATUS,SHOW_ID) VALUES (29020,200,'Available',1029);
INSERT INTO LPU_MOVIE_SEAT(SEAT_ID,SEAT_PRICE,SEAT_STATUS,SHOW_ID) VALUES (29021,200,'Available',1029);
INSERT INTO LPU_MOVIE_SEAT(SEAT_ID,SEAT_PRICE,SEAT_STATUS,SHOW_ID) VALUES (29022,200,'Available',1029);
INSERT INTO LPU_MOVIE_SEAT(SEAT_ID,SEAT_PRICE,SEAT_STATUS,SHOW_ID) VALUES (29023,200,'Available',1029);
INSERT INTO LPU_MOVIE_SEAT(SEAT_ID,SEAT_PRICE,SEAT_STATUS,SHOW_ID) VALUES (29024,200,'Available',1029);
INSERT INTO LPU_MOVIE_SEAT(SEAT_ID,SEAT_PRICE,SEAT_STATUS,SHOW_ID) VALUES (29025,200,'Available',1029);
INSERT INTO LPU_MOVIE_SEAT(SEAT_ID,SEAT_PRICE,SEAT_STATUS,SHOW_ID) VALUES (29026,200,'Available',1029);
INSERT INTO LPU_MOVIE_SEAT(SEAT_ID,SEAT_PRICE,SEAT_STATUS,SHOW_ID) VALUES (29027,200,'Available',1029);
INSERT INTO LPU_MOVIE_SEAT(SEAT_ID,SEAT_PRICE,SEAT_STATUS,SHOW_ID) VALUES (29028,200,'Available',1029);
INSERT INTO LPU_MOVIE_SEAT(SEAT_ID,SEAT_PRICE,SEAT_STATUS,SHOW_ID) VALUES (29029,200,'Available',1029);
INSERT INTO LPU_MOVIE_SEAT(SEAT_ID,SEAT_PRICE,SEAT_STATUS,SHOW_ID) VALUES (29030,200,'Available',1029);
INSERT INTO LPU_MOVIE_SEAT(SEAT_ID,SEAT_PRICE,SEAT_STATUS,SHOW_ID) VALUES (29031,200,'Available',1029);
INSERT INTO LPU_MOVIE_SEAT(SEAT_ID,SEAT_PRICE,SEAT_STATUS,SHOW_ID) VALUES (29032,200,'Available',1029);
INSERT INTO LPU_MOVIE_SEAT(SEAT_ID,SEAT_PRICE,SEAT_STATUS,SHOW_ID) VALUES (29033,200,'Available',1029);
INSERT INTO LPU_MOVIE_SEAT(SEAT_ID,SEAT_PRICE,SEAT_STATUS,SHOW_ID) VALUES (29034,200,'Available',1029);
INSERT INTO LPU_MOVIE_SEAT(SEAT_ID,SEAT_PRICE,SEAT_STATUS,SHOW_ID) VALUES (29035,200,'Available',1029);
INSERT INTO LPU_MOVIE_SEAT(SEAT_ID,SEAT_PRICE,SEAT_STATUS,SHOW_ID) VALUES (29036,200,'Available',1029);


INSERT INTO LPU_MOVIE_SEAT(SEAT_ID,SEAT_PRICE,SEAT_STATUS,SHOW_ID) VALUES (30001,200,'Available',1030);
INSERT INTO LPU_MOVIE_SEAT(SEAT_ID,SEAT_PRICE,SEAT_STATUS,SHOW_ID) VALUES (30002,200,'Available',1030);
INSERT INTO LPU_MOVIE_SEAT(SEAT_ID,SEAT_PRICE,SEAT_STATUS,SHOW_ID) VALUES (30003,200,'Available',1030);
INSERT INTO LPU_MOVIE_SEAT(SEAT_ID,SEAT_PRICE,SEAT_STATUS,SHOW_ID) VALUES (30004,200,'Available',1030);
INSERT INTO LPU_MOVIE_SEAT(SEAT_ID,SEAT_PRICE,SEAT_STATUS,SHOW_ID) VALUES (30005,200,'Available',1030);
INSERT INTO LPU_MOVIE_SEAT(SEAT_ID,SEAT_PRICE,SEAT_STATUS,SHOW_ID) VALUES (30006,200,'Available',1030);
INSERT INTO LPU_MOVIE_SEAT(SEAT_ID,SEAT_PRICE,SEAT_STATUS,SHOW_ID) VALUES (30007,200,'Available',1030);
INSERT INTO LPU_MOVIE_SEAT(SEAT_ID,SEAT_PRICE,SEAT_STATUS,SHOW_ID) VALUES (30008,200,'Available',1030);
INSERT INTO LPU_MOVIE_SEAT(SEAT_ID,SEAT_PRICE,SEAT_STATUS,SHOW_ID) VALUES (30009,200,'Available',1030);
INSERT INTO LPU_MOVIE_SEAT(SEAT_ID,SEAT_PRICE,SEAT_STATUS,SHOW_ID) VALUES (30010,200,'Available',1030);
INSERT INTO LPU_MOVIE_SEAT(SEAT_ID,SEAT_PRICE,SEAT_STATUS,SHOW_ID) VALUES (30011,200,'Available',1030);
INSERT INTO LPU_MOVIE_SEAT(SEAT_ID,SEAT_PRICE,SEAT_STATUS,SHOW_ID) VALUES (30012,200,'Available',1030);
INSERT INTO LPU_MOVIE_SEAT(SEAT_ID,SEAT_PRICE,SEAT_STATUS,SHOW_ID) VALUES (30013,200,'Available',1030);
INSERT INTO LPU_MOVIE_SEAT(SEAT_ID,SEAT_PRICE,SEAT_STATUS,SHOW_ID) VALUES (30014,200,'Available',1030);
INSERT INTO LPU_MOVIE_SEAT(SEAT_ID,SEAT_PRICE,SEAT_STATUS,SHOW_ID) VALUES (30015,200,'Available',1030);
INSERT INTO LPU_MOVIE_SEAT(SEAT_ID,SEAT_PRICE,SEAT_STATUS,SHOW_ID) VALUES (30016,200,'Available',1030);
INSERT INTO LPU_MOVIE_SEAT(SEAT_ID,SEAT_PRICE,SEAT_STATUS,SHOW_ID) VALUES (30017,200,'Available',1030);
INSERT INTO LPU_MOVIE_SEAT(SEAT_ID,SEAT_PRICE,SEAT_STATUS,SHOW_ID) VALUES (30018,200,'Available',1030);
INSERT INTO LPU_MOVIE_SEAT(SEAT_ID,SEAT_PRICE,SEAT_STATUS,SHOW_ID) VALUES (30019,200,'Available',1030);
INSERT INTO LPU_MOVIE_SEAT(SEAT_ID,SEAT_PRICE,SEAT_STATUS,SHOW_ID) VALUES (30020,200,'Available',1030);
INSERT INTO LPU_MOVIE_SEAT(SEAT_ID,SEAT_PRICE,SEAT_STATUS,SHOW_ID) VALUES (30021,200,'Available',1030);
INSERT INTO LPU_MOVIE_SEAT(SEAT_ID,SEAT_PRICE,SEAT_STATUS,SHOW_ID) VALUES (30022,200,'Available',1030);
INSERT INTO LPU_MOVIE_SEAT(SEAT_ID,SEAT_PRICE,SEAT_STATUS,SHOW_ID) VALUES (30023,200,'Available',1030);
INSERT INTO LPU_MOVIE_SEAT(SEAT_ID,SEAT_PRICE,SEAT_STATUS,SHOW_ID) VALUES (30024,200,'Available',1030);
INSERT INTO LPU_MOVIE_SEAT(SEAT_ID,SEAT_PRICE,SEAT_STATUS,SHOW_ID) VALUES (30025,200,'Available',1030);
INSERT INTO LPU_MOVIE_SEAT(SEAT_ID,SEAT_PRICE,SEAT_STATUS,SHOW_ID) VALUES (30026,200,'Available',1030);
INSERT INTO LPU_MOVIE_SEAT(SEAT_ID,SEAT_PRICE,SEAT_STATUS,SHOW_ID) VALUES (30027,200,'Available',1030);
INSERT INTO LPU_MOVIE_SEAT(SEAT_ID,SEAT_PRICE,SEAT_STATUS,SHOW_ID) VALUES (30028,200,'Available',1030);
INSERT INTO LPU_MOVIE_SEAT(SEAT_ID,SEAT_PRICE,SEAT_STATUS,SHOW_ID) VALUES (30029,200,'Available',1030);
INSERT INTO LPU_MOVIE_SEAT(SEAT_ID,SEAT_PRICE,SEAT_STATUS,SHOW_ID) VALUES (30030,200,'Available',1030);
INSERT INTO LPU_MOVIE_SEAT(SEAT_ID,SEAT_PRICE,SEAT_STATUS,SHOW_ID) VALUES (30031,200,'Available',1030);
INSERT INTO LPU_MOVIE_SEAT(SEAT_ID,SEAT_PRICE,SEAT_STATUS,SHOW_ID) VALUES (30032,200,'Available',1030);
INSERT INTO LPU_MOVIE_SEAT(SEAT_ID,SEAT_PRICE,SEAT_STATUS,SHOW_ID) VALUES (30033,200,'Available',1030);
INSERT INTO LPU_MOVIE_SEAT(SEAT_ID,SEAT_PRICE,SEAT_STATUS,SHOW_ID) VALUES (30034,200,'Available',1030);
INSERT INTO LPU_MOVIE_SEAT(SEAT_ID,SEAT_PRICE,SEAT_STATUS,SHOW_ID) VALUES (30035,200,'Available',1030);
INSERT INTO LPU_MOVIE_SEAT(SEAT_ID,SEAT_PRICE,SEAT_STATUS,SHOW_ID) VALUES (30036,200,'Available',1030);


INSERT INTO LPU_MOVIE_SEAT(SEAT_ID,SEAT_PRICE,SEAT_STATUS,SHOW_ID) VALUES (31001,200,'Available',1031);
INSERT INTO LPU_MOVIE_SEAT(SEAT_ID,SEAT_PRICE,SEAT_STATUS,SHOW_ID) VALUES (31002,200,'Available',1031);
INSERT INTO LPU_MOVIE_SEAT(SEAT_ID,SEAT_PRICE,SEAT_STATUS,SHOW_ID) VALUES (31003,200,'Available',1031);
INSERT INTO LPU_MOVIE_SEAT(SEAT_ID,SEAT_PRICE,SEAT_STATUS,SHOW_ID) VALUES (31004,200,'Available',1031);
INSERT INTO LPU_MOVIE_SEAT(SEAT_ID,SEAT_PRICE,SEAT_STATUS,SHOW_ID) VALUES (31005,200,'Available',1031);
INSERT INTO LPU_MOVIE_SEAT(SEAT_ID,SEAT_PRICE,SEAT_STATUS,SHOW_ID) VALUES (31006,200,'Available',1031);
INSERT INTO LPU_MOVIE_SEAT(SEAT_ID,SEAT_PRICE,SEAT_STATUS,SHOW_ID) VALUES (31007,200,'Available',1031);
INSERT INTO LPU_MOVIE_SEAT(SEAT_ID,SEAT_PRICE,SEAT_STATUS,SHOW_ID) VALUES (31008,200,'Available',1031);
INSERT INTO LPU_MOVIE_SEAT(SEAT_ID,SEAT_PRICE,SEAT_STATUS,SHOW_ID) VALUES (31009,200,'Available',1031);
INSERT INTO LPU_MOVIE_SEAT(SEAT_ID,SEAT_PRICE,SEAT_STATUS,SHOW_ID) VALUES (31010,200,'Available',1031);
INSERT INTO LPU_MOVIE_SEAT(SEAT_ID,SEAT_PRICE,SEAT_STATUS,SHOW_ID) VALUES (31011,200,'Available',1031);
INSERT INTO LPU_MOVIE_SEAT(SEAT_ID,SEAT_PRICE,SEAT_STATUS,SHOW_ID) VALUES (31012,200,'Available',1031);
INSERT INTO LPU_MOVIE_SEAT(SEAT_ID,SEAT_PRICE,SEAT_STATUS,SHOW_ID) VALUES (31013,200,'Available',1031);
INSERT INTO LPU_MOVIE_SEAT(SEAT_ID,SEAT_PRICE,SEAT_STATUS,SHOW_ID) VALUES (31014,200,'Available',1031);
INSERT INTO LPU_MOVIE_SEAT(SEAT_ID,SEAT_PRICE,SEAT_STATUS,SHOW_ID) VALUES (31015,200,'Available',1031);
INSERT INTO LPU_MOVIE_SEAT(SEAT_ID,SEAT_PRICE,SEAT_STATUS,SHOW_ID) VALUES (31016,200,'Available',1031);
INSERT INTO LPU_MOVIE_SEAT(SEAT_ID,SEAT_PRICE,SEAT_STATUS,SHOW_ID) VALUES (31017,200,'Available',1031);
INSERT INTO LPU_MOVIE_SEAT(SEAT_ID,SEAT_PRICE,SEAT_STATUS,SHOW_ID) VALUES (31018,200,'Available',1031);
INSERT INTO LPU_MOVIE_SEAT(SEAT_ID,SEAT_PRICE,SEAT_STATUS,SHOW_ID) VALUES (31019,200,'Available',1031);
INSERT INTO LPU_MOVIE_SEAT(SEAT_ID,SEAT_PRICE,SEAT_STATUS,SHOW_ID) VALUES (31020,200,'Available',1031);
INSERT INTO LPU_MOVIE_SEAT(SEAT_ID,SEAT_PRICE,SEAT_STATUS,SHOW_ID) VALUES (31021,200,'Available',1031);
INSERT INTO LPU_MOVIE_SEAT(SEAT_ID,SEAT_PRICE,SEAT_STATUS,SHOW_ID) VALUES (31022,200,'Available',1031);
INSERT INTO LPU_MOVIE_SEAT(SEAT_ID,SEAT_PRICE,SEAT_STATUS,SHOW_ID) VALUES (31023,200,'Available',1031);
INSERT INTO LPU_MOVIE_SEAT(SEAT_ID,SEAT_PRICE,SEAT_STATUS,SHOW_ID) VALUES (31024,200,'Available',1031);
INSERT INTO LPU_MOVIE_SEAT(SEAT_ID,SEAT_PRICE,SEAT_STATUS,SHOW_ID) VALUES (31025,200,'Available',1031);
INSERT INTO LPU_MOVIE_SEAT(SEAT_ID,SEAT_PRICE,SEAT_STATUS,SHOW_ID) VALUES (31026,200,'Available',1031);
INSERT INTO LPU_MOVIE_SEAT(SEAT_ID,SEAT_PRICE,SEAT_STATUS,SHOW_ID) VALUES (31027,200,'Available',1031);
INSERT INTO LPU_MOVIE_SEAT(SEAT_ID,SEAT_PRICE,SEAT_STATUS,SHOW_ID) VALUES (31028,200,'Available',1031);
INSERT INTO LPU_MOVIE_SEAT(SEAT_ID,SEAT_PRICE,SEAT_STATUS,SHOW_ID) VALUES (31029,200,'Available',1031);
INSERT INTO LPU_MOVIE_SEAT(SEAT_ID,SEAT_PRICE,SEAT_STATUS,SHOW_ID) VALUES (31030,200,'Available',1031);
INSERT INTO LPU_MOVIE_SEAT(SEAT_ID,SEAT_PRICE,SEAT_STATUS,SHOW_ID) VALUES (31031,200,'Available',1031);
INSERT INTO LPU_MOVIE_SEAT(SEAT_ID,SEAT_PRICE,SEAT_STATUS,SHOW_ID) VALUES (31032,200,'Available',1031);
INSERT INTO LPU_MOVIE_SEAT(SEAT_ID,SEAT_PRICE,SEAT_STATUS,SHOW_ID) VALUES (31033,200,'Available',1031);
INSERT INTO LPU_MOVIE_SEAT(SEAT_ID,SEAT_PRICE,SEAT_STATUS,SHOW_ID) VALUES (31034,200,'Available',1031);
INSERT INTO LPU_MOVIE_SEAT(SEAT_ID,SEAT_PRICE,SEAT_STATUS,SHOW_ID) VALUES (31035,200,'Available',1031);
INSERT INTO LPU_MOVIE_SEAT(SEAT_ID,SEAT_PRICE,SEAT_STATUS,SHOW_ID) VALUES (31036,200,'Available',1031);

